REGION,YEAR,ANALYSIS_STRATUM,STRAT,PROT,DEPTH_M,cover_group,n,avcvr,Var,SE,CV_perc
FLK,2014,FMLR / PROT = 0,FMLR,0,9.932125396457696,CCA,140,5.668957245503638,0.15909306061229217,0.39886471467440204,7.035945014239851
FLK,2014,FMLR / PROT = 0,FMLR,0,9.932125396457696,HARD CORALS,140,3.3330581217179156,0.07910250772993498,0.28125168040375326,8.438247103197567
FLK,2014,FMLR / PROT = 0,FMLR,0,9.932125396457696,MACROALGAE,140,25.021612293777245,1.4429359446587917,1.2012226873726586,4.800740548886999
FLK,2014,FMLR / PROT = 0,FMLR,0,9.932125396457696,OTHER,140,27.926085741291924,1.7787987932352505,1.3337161591715272,4.775879339221087
FLK,2014,FMLR / PROT = 0,FMLR,0,9.932125396457696,RAMICRUSTA SPP.,140,0,7.142857142857143e-11,8.451542547285165e-6,NA
FLK,2014,FMLR / PROT = 0,FMLR,0,9.932125396457696,SOFT CORALS,140,2.9744134445165376,0.054692988659388694,0.2338653216263341,7.862569410364761
FLK,2014,FMLR / PROT = 0,FMLR,0,9.932125396457696,SPONGES,140,7.017736730623328,0.14913393521087737,0.38617863121990237,5.502894252711604
FLK,2014,FMLR / PROT = 0,FMLR,0,9.932125396457696,TURF ALGAE,140,28.05813642256941,1.9018867411366602,1.379089098331453,4.915112955335625
FLK,2014,FSLR / PROT = 0,FSLR,0,4.264659863530883,CCA,90,8.57777777777778,0.5938146760993201,0.7705937166233061,8.983605504675847
FLK,2014,FSLR / PROT = 0,FSLR,0,4.264659863530883,HARD CORALS,90,3.0499999999999994,0.15206304619225972,0.3899526204454327,12.785331817883042
FLK,2014,FSLR / PROT = 0,FSLR,0,4.264659863530883,MACROALGAE,90,24,2.7476279650436957,1.6575970454376707,6.9066543559902955
FLK,2014,FSLR / PROT = 0,FSLR,0,4.264659863530883,OTHER,90,20.805555555555557,1.9609671937855457,1.400345383748433,6.730632018016499
FLK,2014,FSLR / PROT = 0,FSLR,0,4.264659863530883,RAMICRUSTA SPP.,90,0,1.1111111111111112e-10,1.0540925533894598e-5,NA
FLK,2014,FSLR / PROT = 0,FSLR,0,4.264659863530883,SOFT CORALS,90,2.288888888888889,0.06217089748924958,0.24934092622200948,10.89353561164119
FLK,2014,FSLR / PROT = 0,FSLR,0,4.264659863530883,SPONGES,90,3.3499999999999996,0.20976591760299637,0.45800209344826837,13.671704282037863
FLK,2014,FSLR / PROT = 0,FSLR,0,4.264659863530883,TURF ALGAE,90,37.92777777777778,3.534991330281592,1.88015726211442,4.9572038549962745
FLK,2014,HRRF / PROT = 0,HRRF,0,5.699759817607686,CCA,5,15.8,22.14,4.705316142407437,29.78048191397112
FLK,2014,HRRF / PROT = 0,HRRF,0,5.699759817607686,HARD CORALS,5,14,31.1,5.576737397439475,39.8338385531391
FLK,2014,HRRF / PROT = 0,HRRF,0,5.699759817607686,MACROALGAE,5,21,26.9,5.186520991955976,24.69771900931417
FLK,2014,HRRF / PROT = 0,HRRF,0,5.699759817607686,OTHER,5,19,33.8,5.813776741499453,30.59882495526028
FLK,2014,HRRF / PROT = 0,HRRF,0,5.699759817607686,RAMICRUSTA SPP.,5,0,2e-9,4.4721359549995795e-5,NA
FLK,2014,HRRF / PROT = 0,HRRF,0,5.699759817607686,SOFT CORALS,5,3.4,1.06,1.0295630140987,30.28126512055
FLK,2014,HRRF / PROT = 0,HRRF,0,5.699759817607686,SPONGES,5,5.4,10.26,3.2031234756093934,59.31710140017395
FLK,2014,HRRF / PROT = 0,HRRF,0,5.699759817607686,TURF ALGAE,5,21.4,56.260000000000005,7.500666637039671,35.04984409831622
FLK,2014,INPR / PROT = 0,INPR,0,2.9925817224192004,CCA,11,4.5,4.545454545454546,2.1320071635561044,47.37793696791343
FLK,2014,INPR / PROT = 0,INPR,0,2.9925817224192004,HARD CORALS,11,16.272727272727273,19.574380165289256,4.424294312688664,27.18840080423201
FLK,2014,INPR / PROT = 0,INPR,0,2.9925817224192004,MACROALGAE,11,25.636363636363633,52.186776859504135,7.224041587608984,28.17888562542512
FLK,2014,INPR / PROT = 0,INPR,0,2.9925817224192004,OTHER,11,27.68181818181818,42.05578512396694,6.485043185975475,23.427085400896626
FLK,2014,INPR / PROT = 0,INPR,0,2.9925817224192004,RAMICRUSTA SPP.,11,0,9.090909090909091e-10,3.015113445777636e-5,NA
FLK,2014,INPR / PROT = 0,INPR,0,2.9925817224192004,SOFT CORALS,11,1.5454545454545459,0.6338842975206611,0.7961685107567751,51.51678599014426
FLK,2014,INPR / PROT = 0,INPR,0,2.9925817224192004,SPONGES,11,0.909090909090909,0.11735537190082646,0.3425717032984868,37.682887362833554
FLK,2014,INPR / PROT = 0,INPR,0,2.9925817224192004,TURF ALGAE,11,23.454545454545453,17.08388429752066,4.1332655730693935,17.622450117737724
FLK,2014,MCPR / PROT = 0,MCPR,0,5.302875886645999,CCA,71,4.577464788732396,0.16686598464023594,0.408492331189015,8.923986312129248
FLK,2014,MCPR / PROT = 0,MCPR,0,5.302875886645999,HARD CORALS,71,18.605633802816904,1.3677983393317656,1.1695291100830991,6.285886965624529
FLK,2014,MCPR / PROT = 0,MCPR,0,5.302875886645999,MACROALGAE,71,13.147887323943662,3.153862612293479,1.7759117692873931,13.507202530198706
FLK,2014,MCPR / PROT = 0,MCPR,0,5.302875886645999,OTHER,71,25.26056338028169,3.3935471986850683,1.8421582990299905,7.292625549547218
FLK,2014,MCPR / PROT = 0,MCPR,0,5.302875886645999,RAMICRUSTA SPP.,71,0,1.4084507042253523e-10,1.1867816581938534e-5,NA
FLK,2014,MCPR / PROT = 0,MCPR,0,5.302875886645999,SOFT CORALS,71,7.478873239436618,0.39923909655113765,0.6318536986922982,8.448514615283086
FLK,2014,MCPR / PROT = 0,MCPR,0,5.302875886645999,SPONGES,71,8.922535211267606,0.3852764474168956,0.620706410001456,6.956614855580644
FLK,2014,MCPR / PROT = 0,MCPR,0,5.302875886645999,TURF ALGAE,71,22.007042253521128,1.4945163941394841,1.222504148925264,5.5550588527163995
FLK,2014,OFPR / PROT = 0,OFPR,0,5.833109813340485,CCA,60,4.825,0.1900882768361582,0.4359911430707718,9.036085866751748
FLK,2014,OFPR / PROT = 0,OFPR,0,5.833109813340485,HARD CORALS,60,8.166666666666668,0.9362523540489643,0.9676013404543032,11.848179679032283
FLK,2014,OFPR / PROT = 0,OFPR,0,5.833109813340485,MACROALGAE,60,19.63333333333334,3.205772128060264,1.790467013954813,9.119526386866617
FLK,2014,OFPR / PROT = 0,OFPR,0,5.833109813340485,OTHER,60,28.641666666666666,2.9945044726930314,1.7304636582988477,6.0417701191696755
FLK,2014,OFPR / PROT = 0,OFPR,0,5.833109813340485,RAMICRUSTA SPP.,60,0,1.6666666666666666e-10,1.2909944487358055e-5,NA
FLK,2014,OFPR / PROT = 0,OFPR,0,5.833109813340485,SOFT CORALS,60,4.716666666666666,0.2328201506591337,0.4825144046130993,10.22998737695617
FLK,2014,OFPR / PROT = 0,OFPR,0,5.833109813340485,SPONGES,60,7.875,0.5257944915254237,0.7251168812856474,9.207833413151079
FLK,2014,OFPR / PROT = 0,OFPR,0,5.833109813340485,TURF ALGAE,60,26.141666666666666,2.3719056026365353,1.5400992184390379,5.89135818338172
FLK,2016,FDLR / PROT = 0,FDLR,0,21.39695931529728,CCA,5,3.4,2.8599999999999994,1.6911534525287761,49.73980742731695
FLK,2016,FDLR / PROT = 0,FDLR,0,21.39695931529728,HARD CORALS,5,6,3.9,1.9748417658131499,32.914029430219166
FLK,2016,FDLR / PROT = 0,FDLR,0,21.39695931529728,MACROALGAE,5,28.6,47.06,6.860029154456998,23.986115924674817
FLK,2016,FDLR / PROT = 0,FDLR,0,21.39695931529728,OTHER,5,22.4,15.660000000000002,3.957271787481876,17.666391908401234
FLK,2016,FDLR / PROT = 0,FDLR,0,21.39695931529728,RAMICRUSTA SPP.,5,0,2e-9,4.4721359549995795e-5,NA
FLK,2016,FDLR / PROT = 0,FDLR,0,21.39695931529728,SOFT CORALS,5,4,1.7,1.3038404810405297,32.59601202601324
FLK,2016,FDLR / PROT = 0,FDLR,0,21.39695931529728,SPONGES,5,12,9.5,3.082207001484488,25.685058345704064
FLK,2016,FDLR / PROT = 0,FDLR,0,21.39695931529728,TURF ALGAE,5,23.6,20.060000000000002,4.4788391353117385,18.978131929287027
FLK,2016,FMLR / PROT = 0,FMLR,0,11.13826250071845,CCA,35,2.9714285714285715,0.2848499399759906,0.5337133500072774,17.96150697139876
FLK,2016,FMLR / PROT = 0,FMLR,0,11.13826250071845,HARD CORALS,35,5.457142857142857,0.48797118847539017,0.6985493457697818,12.800642461749929
FLK,2016,FMLR / PROT = 0,FMLR,0,11.13826250071845,MACROALGAE,35,35.82857142857143,5.461320528211285,2.336946838978432,6.5225788966702645
FLK,2016,FMLR / PROT = 0,FMLR,0,11.13826250071845,OTHER,35,13.628571428571428,2.4640096038415362,1.569716408731697,11.517835284194842
FLK,2016,FMLR / PROT = 0,FMLR,0,11.13826250071845,RAMICRUSTA SPP.,35,0,2.857142857142857e-10,1.690308509457033e-5,NA
FLK,2016,FMLR / PROT = 0,FMLR,0,11.13826250071845,SOFT CORALS,35,4.7714285714285705,0.46569027611044406,0.6824150321545123,14.30211145234008
FLK,2016,FMLR / PROT = 0,FMLR,0,11.13826250071845,SPONGES,35,6,0.373109243697479,0.6108266887567038,10.180444812611729
FLK,2016,FMLR / PROT = 0,FMLR,0,11.13826250071845,TURF ALGAE,35,31.34285714285714,3.586458583433373,1.8937947574733047,6.042189290024218
FLK,2016,FSLR / PROT = 0,FSLR,0,4.419599858572804,CCA,17,1.2941176470588236,0.43209342560553626,0.6573381364302061,50.79431054233411
FLK,2016,FSLR / PROT = 0,FSLR,0,4.419599858572804,HARD CORALS,17,1.9411764705882353,0.2608131487889273,0.5106986868878041,26.308720233614146
FLK,2016,FSLR / PROT = 0,FSLR,0,4.419599858572804,MACROALGAE,17,18.823529411764707,9.575259515570934,3.094391622851079,16.438955496396357
FLK,2016,FSLR / PROT = 0,FSLR,0,4.419599858572804,OTHER,17,25.88235294117647,47.08737024221454,6.8620237716153785,26.512364572150325
FLK,2016,FSLR / PROT = 0,FSLR,0,4.419599858572804,RAMICRUSTA SPP.,17,0,5.882352941176471e-10,2.42535625036333e-5,NA
FLK,2016,FSLR / PROT = 0,FSLR,0,4.419599858572804,SOFT CORALS,17,2.9411764705882355,0.8122837370242215,0.9012678497673272,30.643106892089122
FLK,2016,FSLR / PROT = 0,FSLR,0,4.419599858572804,SPONGES,17,2.764705882352941,2.180363321799308,1.4766053371836727,53.40912921728178
FLK,2016,FSLR / PROT = 0,FSLR,0,4.419599858572804,TURF ALGAE,17,46.35294117647059,28.26427335640139,5.3164154612296235,11.469424218388783
FLK,2016,HRRF / PROT = 0,HRRF,0,14.422581356659204,CCA,11,7.644628099173555,4.352735468888737,2.086321036870581,27.291334644469217
FLK,2016,HRRF / PROT = 0,HRRF,0,14.422581356659204,HARD CORALS,11,10.980716253443529,6.694586738914319,2.5873899472082518,23.563034391284376
FLK,2016,HRRF / PROT = 0,HRRF,0,14.422581356659204,MACROALGAE,11,25.247933884297527,8.449900963048968,2.906871335826367,11.51330381783929
FLK,2016,HRRF / PROT = 0,HRRF,0,14.422581356659204,OTHER,11,19.5068870523416,20.26079123314285,4.5011988662069635,23.074921457889104
FLK,2016,HRRF / PROT = 0,HRRF,0,14.422581356659204,RAMICRUSTA SPP.,11,0,9.090909090909091e-10,3.015113445777636e-5,NA
FLK,2016,HRRF / PROT = 0,HRRF,0,14.422581356659204,SOFT CORALS,11,3,0.6727272727272727,0.8201995322647244,27.339984408824147
FLK,2016,HRRF / PROT = 0,HRRF,0,14.422581356659204,SPONGES,11,7.9559228650137745,2.0911989921757006,1.446097850138676,18.176368407213968
FLK,2016,HRRF / PROT = 0,HRRF,0,14.422581356659204,TURF ALGAE,11,25.663911845730027,5.975214200608641,2.4444251268158412,9.524756558975422
FLK,2016,INPR / PROT = 0,INPR,0,3.2765998951487996,CCA,4,2.25,1.7291666666666667,1.3149778198382918,58.44345865947963
FLK,2016,INPR / PROT = 0,INPR,0,3.2765998951487996,HARD CORALS,4,14.75,111.22916666666667,10.546523913909581,71.50185704345479
FLK,2016,INPR / PROT = 0,INPR,0,3.2765998951487996,MACROALGAE,4,22.5,115.75,10.758717395675006,47.81652175855559
FLK,2016,INPR / PROT = 0,INPR,0,3.2765998951487996,OTHER,4,20.5,223.41666666666666,14.9471290442903,72.91282460629415
FLK,2016,INPR / PROT = 0,INPR,0,3.2765998951487996,RAMICRUSTA SPP.,4,0,2.5e-9,5e-5,NA
FLK,2016,INPR / PROT = 0,INPR,0,3.2765998951487996,SOFT CORALS,4,0.75,0.5625,0.75,100
FLK,2016,INPR / PROT = 0,INPR,0,3.2765998951487996,SPONGES,4,2,0.6666666666666666,0.816496580927726,40.8248290463863
FLK,2016,INPR / PROT = 0,INPR,0,3.2765998951487996,TURF ALGAE,4,37.25,187.5625,13.695345924802337,36.76602932832842
FLK,2016,MCPR / PROT = 0,MCPR,0,6.515099791516807,CCA,16,2.625,0.765625,0.875,33.33333333333333
FLK,2016,MCPR / PROT = 0,MCPR,0,6.515099791516807,HARD CORALS,16,16.58445945945946,10.629655922814704,3.2603153103365177,19.658857850063338
FLK,2016,MCPR / PROT = 0,MCPR,0,6.515099791516807,MACROALGAE,16,13.39695945945946,12.129874109751643,3.4827968803465477,25.996920352605674
FLK,2016,MCPR / PROT = 0,MCPR,0,6.515099791516807,OTHER,16,23.375000000000004,16.548958333333346,4.068041092876687,17.403384354552667
FLK,2016,MCPR / PROT = 0,MCPR,0,6.515099791516807,RAMICRUSTA SPP.,16,0,6.25e-10,2.5e-5,NA
FLK,2016,MCPR / PROT = 0,MCPR,0,6.515099791516807,SOFT CORALS,16,6.9375,2.17890625,1.47611186906684,21.27728820276526
FLK,2016,MCPR / PROT = 0,MCPR,0,6.515099791516807,SPONGES,16,11.903716216216216,5.763775071524226,2.4007863444138935,20.168376839691003
FLK,2016,MCPR / PROT = 0,MCPR,0,6.515099791516807,TURF ALGAE,16,25.177364864864867,8.801278115108353,2.9666948132742528,11.783182351280493
FLK,2016,OFPR / PROT = 0,OFPR,0,7.528559759086086,CCA,5,2.6,1.36,1.1661903789690602,44.85347611419462
FLK,2016,OFPR / PROT = 0,OFPR,0,7.528559759086086,HARD CORALS,5,9.2,28.24,5.314132102234569,57.762305459071406
FLK,2016,OFPR / PROT = 0,OFPR,0,7.528559759086086,MACROALGAE,5,15.8,85.84,9.264987857520376,58.63916365519225
FLK,2016,OFPR / PROT = 0,OFPR,0,7.528559759086086,OTHER,5,15.8,68.44,8.272847151978574,52.35979210113021
FLK,2016,OFPR / PROT = 0,OFPR,0,7.528559759086086,RAMICRUSTA SPP.,5,0,2e-9,4.4721359549995795e-5,NA
FLK,2016,OFPR / PROT = 0,OFPR,0,7.528559759086086,SOFT CORALS,5,7.8,7.539999999999999,2.745906043549196,35.203923635246106
FLK,2016,OFPR / PROT = 0,OFPR,0,7.528559759086086,SPONGES,5,7.2,3.7400000000000007,1.9339079605813718,26.859832785852383
FLK,2016,OFPR / PROT = 0,OFPR,0,7.528559759086086,TURF ALGAE,5,41.6,57.459999999999994,7.58023746329889,18.221724671391563
FLK,2018,FDLR / PROT = 0,FDLR,0,20.79171362037945,CCA,7,1.4285714285714286,0.7551020408163265,0.8689660757568884,60.82762530298219
FLK,2018,FDLR / PROT = 0,FDLR,0,20.79171362037945,HARD CORALS,7,4,1.4761904761904763,1.2149857925879117,30.374644814697792
FLK,2018,FDLR / PROT = 0,FDLR,0,20.79171362037945,MACROALGAE,7,23.57142857142857,43.945578231292515,6.629146116302802,28.12365019037553
FLK,2018,FDLR / PROT = 0,FDLR,0,20.79171362037945,OTHER,7,15.142857142857142,33.49659863945579,5.787624611138476,38.22016252638616
FLK,2018,FDLR / PROT = 0,FDLR,0,20.79171362037945,RAMICRUSTA SPP.,7,0,1.4285714285714286e-9,3.779644730092272e-5,NA
FLK,2018,FDLR / PROT = 0,FDLR,0,20.79171362037945,SOFT CORALS,7,6.428571428571429,2.897959183673469,1.7023393268304263,26.480833972917743
FLK,2018,FDLR / PROT = 0,FDLR,0,20.79171362037945,SPONGES,7,9.714285714285714,7.79591836734694,2.792117183670295,28.74238277307657
FLK,2018,FDLR / PROT = 0,FDLR,0,20.79171362037945,TURF ALGAE,7,39.714285714285715,43.129251700680264,6.56728647926069,16.536332861447782
FLK,2018,FMLR / PROT = 0,FMLR,0,11.717866291694946,CCA,18,0.7222222222222222,0.07062454611474218,0.26575279135832647,36.79654034192213
FLK,2018,FMLR / PROT = 0,FMLR,0,11.717866291694946,HARD CORALS,18,4.111111111111111,1.7443718228031955,1.3207466913845347,32.12627087151571
FLK,2018,FMLR / PROT = 0,FMLR,0,11.717866291694946,MACROALGAE,18,23,19.915032679738562,4.46262620883024,19.402722647088
FLK,2018,FMLR / PROT = 0,FMLR,0,11.717866291694946,OTHER,18,22.72222222222222,22.46931735657226,4.740181152294948,20.861432944085344
FLK,2018,FMLR / PROT = 0,FMLR,0,11.717866291694946,RAMICRUSTA SPP.,18,0,5.555555555555555e-10,2.3570226039551585e-5,NA
FLK,2018,FMLR / PROT = 0,FMLR,0,11.717866291694946,SOFT CORALS,18,4.277777777777778,1.4693173565722584,1.2121540152027952,28.336067887857553
FLK,2018,FMLR / PROT = 0,FMLR,0,11.717866291694946,SPONGES,18,4.555555555555555,0.7988380537400144,0.8937774072664929,19.619504061947406
FLK,2018,FMLR / PROT = 0,FMLR,0,11.717866291694946,TURF ALGAE,18,40.611111111111114,24.000907770515614,4.899072133630573,12.063378714822202
FLK,2018,FSLR / PROT = 0,FSLR,0,3.708399881331204,CCA,15,2.933333333333333,3.0996825396825396,1.760591531185624,60.02016583587355
FLK,2018,FSLR / PROT = 0,FSLR,0,3.708399881331204,HARD CORALS,15,2.2,0.8114285714285713,0.9007933011676825,40.945150053076475
FLK,2018,FSLR / PROT = 0,FSLR,0,3.708399881331204,MACROALGAE,15,21.6,18.98857142857143,4.3575877992957786,20.17401758933231
FLK,2018,FSLR / PROT = 0,FSLR,0,3.708399881331204,OTHER,15,17.06666666666667,15.566349206349207,3.9454212964332727,23.117702908788704
FLK,2018,FSLR / PROT = 0,FSLR,0,3.708399881331204,RAMICRUSTA SPP.,15,0,6.666666666666666e-10,2.581988897471611e-5,NA
FLK,2018,FSLR / PROT = 0,FSLR,0,3.708399881331204,SOFT CORALS,15,2.8666666666666663,0.9415873015873014,0.9703542144945326,33.84956562190231
FLK,2018,FSLR / PROT = 0,FSLR,0,3.708399881331204,SPONGES,15,2.2,0.4590476190476191,0.6775305299745681,30.796842271571272
FLK,2018,FSLR / PROT = 0,FSLR,0,3.708399881331204,TURF ALGAE,15,51.13333333333333,40.284444444444446,6.3470027922196826,12.412652136022848
FLK,2018,HRRF / PROT = 0,HRRF,0,18.768645553249495,CCA,13,4.769230769230769,1.5019723865877705,1.2255498303160792,25.697012571143595
FLK,2018,HRRF / PROT = 0,HRRF,0,18.768645553249495,HARD CORALS,13,8.76923076923077,7.925049309664695,2.8151464099873555,32.10254678055756
FLK,2018,HRRF / PROT = 0,HRRF,0,18.768645553249495,MACROALGAE,13,29,27.87179487179487,5.279374477321614,18.204739576971082
FLK,2018,HRRF / PROT = 0,HRRF,0,18.768645553249495,OTHER,13,16.846153846153847,18.35700197238658,4.284507202979892,25.433147780245935
FLK,2018,HRRF / PROT = 0,HRRF,0,18.768645553249495,RAMICRUSTA SPP.,13,0,7.692307692307692e-10,2.7735009811261458e-5,NA
FLK,2018,HRRF / PROT = 0,HRRF,0,18.768645553249495,SOFT CORALS,13,4.384615384615385,0.942800788954635,0.9709792937826404,22.14514178802513
FLK,2018,HRRF / PROT = 0,HRRF,0,18.768645553249495,SPONGES,13,6.384615384615385,1.6863905325443784,1.298611001241087,20.33969038088449
FLK,2018,HRRF / PROT = 0,HRRF,0,18.768645553249495,TURF ALGAE,13,29.846153846153847,27.177514792899412,5.213205807648439,17.46692667511075
FLK,2018,INPR / PROT = 0,INPR,0,3.733799880518404,CCA,6,0.16666666666666669,0.027777777777777776,0.16666666666666666,99.99999999999999
FLK,2018,INPR / PROT = 0,INPR,0,3.733799880518404,HARD CORALS,6,4.5,10.183333333333334,3.191133549905634,70.91407888679187
FLK,2018,INPR / PROT = 0,INPR,0,3.733799880518404,MACROALGAE,6,53.666666666666664,193.51111111111115,13.91082711815193,25.920795872332793
FLK,2018,INPR / PROT = 0,INPR,0,3.733799880518404,OTHER,6,13.666666666666668,52.04444444444443,7.214183560490018,52.786708979195254
FLK,2018,INPR / PROT = 0,INPR,0,3.733799880518404,RAMICRUSTA SPP.,6,0,1.6666666666666667e-9,4.0824829046386304e-5,NA
FLK,2018,INPR / PROT = 0,INPR,0,3.733799880518404,SOFT CORALS,6,4,2.8666666666666667,1.6931233465600393,42.328083664000985
FLK,2018,INPR / PROT = 0,INPR,0,3.733799880518404,SPONGES,6,6.333333333333333,2.3777777777777778,1.5420044674960502,24.34743896046395
FLK,2018,INPR / PROT = 0,INPR,0,3.733799880518404,TURF ALGAE,6,17.666666666666664,155.9111111111111,12.486437086339365,70.67794577173227
FLK,2018,MCPR / PROT = 0,MCPR,0,5.731565033981223,CCA,23,1.347826086956522,0.14074583261728818,0.37516107556260175,27.834531412709158
FLK,2018,MCPR / PROT = 0,MCPR,0,5.731565033981223,HARD CORALS,23,11.304347826086957,3.262588073552157,1.8062635670223095,15.978485400581969
FLK,2018,MCPR / PROT = 0,MCPR,0,5.731565033981223,MACROALGAE,23,16.52173913043478,8.232686028527239,2.8692657647083233,17.36660857586617
FLK,2018,MCPR / PROT = 0,MCPR,0,5.731565033981223,OTHER,23,23.086956521739133,16.841553531534625,4.103846187606771,17.775604955735542
FLK,2018,MCPR / PROT = 0,MCPR,0,5.731565033981223,RAMICRUSTA SPP.,23,0,4.347826086956522e-10,2.0851441405707478e-5,NA
FLK,2018,MCPR / PROT = 0,MCPR,0,5.731565033981223,SOFT CORALS,23,13.217391304347824,5.070974394225813,2.251882411278576,17.03726824322607
FLK,2018,MCPR / PROT = 0,MCPR,0,5.731565033981223,SPONGES,23,7.304347826086956,1.4365011170304178,1.1985412454439845,16.40860038405455
FLK,2018,MCPR / PROT = 0,MCPR,0,5.731565033981223,TURF ALGAE,23,27.217391304347824,10.367417081972848,3.2198473693597416,11.830110143015025
FLK,2018,OFPR / PROT = 0,OFPR,0,6.648449787249607,CCA,8,0.75,0.38392857142857145,0.6196196990320526,82.61595987094034
FLK,2018,OFPR / PROT = 0,OFPR,0,6.648449787249607,HARD CORALS,8,3.25,1.9196428571428572,1.3855117672336303,42.63113129949632
FLK,2018,OFPR / PROT = 0,OFPR,0,6.648449787249607,MACROALGAE,8,20.375,22.676339285714285,4.761968005532406,23.371622113042484
FLK,2018,OFPR / PROT = 0,OFPR,0,6.648449787249607,OTHER,8,28.75,30.026785714285715,5.4796702194827125,19.059722502548563
FLK,2018,OFPR / PROT = 0,OFPR,0,6.648449787249607,RAMICRUSTA SPP.,8,0,1.25e-9,3.535533905932738e-5,NA
FLK,2018,OFPR / PROT = 0,OFPR,0,6.648449787249607,SOFT CORALS,8,5.25,2.0982142857142856,1.4485214136195177,27.590884068943193
FLK,2018,OFPR / PROT = 0,OFPR,0,6.648449787249607,SPONGES,8,5,1.6785714285714286,1.2955969390869324,25.911938781738648
FLK,2018,OFPR / PROT = 0,OFPR,0,6.648449787249607,TURF ALGAE,8,36.625,36.176339285714285,6.014676989308261,16.42232625067102
FLK,2020,CS01 / PROT = 0,CS01,0,3.9623998732032,CCA,1,0,NA,NA,NA
FLK,2020,CS01 / PROT = 0,CS01,0,3.9623998732032,HARD CORALS,1,0,NA,NA,NA
FLK,2020,CS01 / PROT = 0,CS01,0,3.9623998732032,MACROALGAE,1,38,NA,NA,NA
FLK,2020,CS01 / PROT = 0,CS01,0,3.9623998732032,OTHER,1,33,NA,NA,NA
FLK,2020,CS01 / PROT = 0,CS01,0,3.9623998732032,RAMICRUSTA SPP.,1,0,NA,NA,NA
FLK,2020,CS01 / PROT = 0,CS01,0,3.9623998732032,SOFT CORALS,1,1,NA,NA,NA
FLK,2020,CS01 / PROT = 0,CS01,0,3.9623998732032,SPONGES,1,1,NA,NA,NA
FLK,2020,CS01 / PROT = 0,CS01,0,3.9623998732032,TURF ALGAE,1,27,NA,NA,NA
FLK,2020,CS03 / PROT = 0,CS03,0,5.638799819558407,CCA,3,0.33333333333333337,0.11111111111111112,0.33333333333333337,100
FLK,2020,CS03 / PROT = 0,CS03,0,5.638799819558407,HARD CORALS,3,8,7,2.6457513110645907,33.071891388307385
FLK,2020,CS03 / PROT = 0,CS03,0,5.638799819558407,MACROALGAE,3,10.666666666666668,93.77777777777777,9.683892697555967,90.78649403958718
FLK,2020,CS03 / PROT = 0,CS03,0,5.638799819558407,OTHER,3,23.666666666666668,213.7777777777778,14.62114146630754,61.77947098439805
FLK,2020,CS03 / PROT = 0,CS03,0,5.638799819558407,RAMICRUSTA SPP.,3,0,3.3333333333333334e-9,5.773502691896258e-5,NA
FLK,2020,CS03 / PROT = 0,CS03,0,5.638799819558407,SOFT CORALS,3,7.333333333333333,16.77777777777778,4.096068575814836,55.855480579293214
FLK,2020,CS03 / PROT = 0,CS03,0,5.638799819558407,SPONGES,3,12.666666666666666,6.777777777777779,2.6034165586355518,20.55328862080699
FLK,2020,CS03 / PROT = 0,CS03,0,5.638799819558407,TURF ALGAE,3,37.333333333333336,183.1111111111111,13.531855420122959,36.246041303900775
FLK,2020,CS11 / PROT = 0,CS11,0,8.68679972202241,CCA,1,0,NA,NA,NA
FLK,2020,CS11 / PROT = 0,CS11,0,8.68679972202241,HARD CORALS,1,0,NA,NA,NA
FLK,2020,CS11 / PROT = 0,CS11,0,8.68679972202241,MACROALGAE,1,18,NA,NA,NA
FLK,2020,CS11 / PROT = 0,CS11,0,8.68679972202241,OTHER,1,48,NA,NA,NA
FLK,2020,CS11 / PROT = 0,CS11,0,8.68679972202241,RAMICRUSTA SPP.,1,0,NA,NA,NA
FLK,2020,CS11 / PROT = 0,CS11,0,8.68679972202241,SOFT CORALS,1,0,NA,NA,NA
FLK,2020,CS11 / PROT = 0,CS11,0,8.68679972202241,SPONGES,1,0,NA,NA,NA
FLK,2020,CS11 / PROT = 0,CS11,0,8.68679972202241,TURF ALGAE,1,34,NA,NA,NA
FLK,2020,CS12 / PROT = 0,CS12,0,10.515599663500803,CCA,2,1.5,2.25,1.5,100
FLK,2020,CS12 / PROT = 0,CS12,0,10.515599663500803,HARD CORALS,2,1.5,0.25,0.5,33.33333333333333
FLK,2020,CS12 / PROT = 0,CS12,0,10.515599663500803,MACROALGAE,2,30.5,42.25,6.5,21.311475409836063
FLK,2020,CS12 / PROT = 0,CS12,0,10.515599663500803,OTHER,2,18.5,42.25,6.5,35.13513513513514
FLK,2020,CS12 / PROT = 0,CS12,0,10.515599663500803,RAMICRUSTA SPP.,2,0,5e-9,7.071067811865475e-5,NA
FLK,2020,CS12 / PROT = 0,CS12,0,10.515599663500803,SOFT CORALS,2,6,4,2,33.33333333333333
FLK,2020,CS12 / PROT = 0,CS12,0,10.515599663500803,SPONGES,2,8.5,42.25,6.5,76.47058823529412
FLK,2020,CS12 / PROT = 0,CS12,0,10.515599663500803,TURF ALGAE,2,33.5,30.25,5.5,16.417910447761194
FLK,2020,CS14 / PROT = 0,CS14,0,11.5823996293632,CCA,1,2,NA,NA,NA
FLK,2020,CS14 / PROT = 0,CS14,0,11.5823996293632,HARD CORALS,1,1,NA,NA,NA
FLK,2020,CS14 / PROT = 0,CS14,0,11.5823996293632,MACROALGAE,1,1,NA,NA,NA
FLK,2020,CS14 / PROT = 0,CS14,0,11.5823996293632,OTHER,1,4,NA,NA,NA
FLK,2020,CS14 / PROT = 0,CS14,0,11.5823996293632,RAMICRUSTA SPP.,1,0,NA,NA,NA
FLK,2020,CS14 / PROT = 0,CS14,0,11.5823996293632,SOFT CORALS,1,9,NA,NA,NA
FLK,2020,CS14 / PROT = 0,CS14,0,11.5823996293632,SPONGES,1,9,NA,NA,NA
FLK,2020,CS14 / PROT = 0,CS14,0,11.5823996293632,TURF ALGAE,1,74,NA,NA,NA
FLK,2020,CS15 / PROT = 0,CS15,0,13.4111995708416,CCA,2,1,1,1,100
FLK,2020,CS15 / PROT = 0,CS15,0,13.4111995708416,HARD CORALS,2,2,1,1,50
FLK,2020,CS15 / PROT = 0,CS15,0,13.4111995708416,MACROALGAE,2,20.5,210.25,14.5,70.73170731707317
FLK,2020,CS15 / PROT = 0,CS15,0,13.4111995708416,OTHER,2,42.5,552.25,23.5,55.294117647058826
FLK,2020,CS15 / PROT = 0,CS15,0,13.4111995708416,RAMICRUSTA SPP.,2,0,5e-9,7.071067811865475e-5,NA
FLK,2020,CS15 / PROT = 0,CS15,0,13.4111995708416,SOFT CORALS,2,8,25,5,62.5
FLK,2020,CS15 / PROT = 0,CS15,0,13.4111995708416,SPONGES,2,6,1,1,16.666666666666664
FLK,2020,CS15 / PROT = 0,CS15,0,13.4111995708416,TURF ALGAE,2,20,1,1,5
FLK,2020,CS17 / PROT = 0,CS17,0,23.621999244096,CCA,2,2.5,2.25,1.5,60
FLK,2020,CS17 / PROT = 0,CS17,0,23.621999244096,HARD CORALS,2,4,4,2,50
FLK,2020,CS17 / PROT = 0,CS17,0,23.621999244096,MACROALGAE,2,21,169,13,61.904761904761905
FLK,2020,CS17 / PROT = 0,CS17,0,23.621999244096,OTHER,2,15,25,5,33.33333333333333
FLK,2020,CS17 / PROT = 0,CS17,0,23.621999244096,RAMICRUSTA SPP.,2,0,5e-9,7.071067811865475e-5,NA
FLK,2020,CS17 / PROT = 0,CS17,0,23.621999244096,SOFT CORALS,2,14.5,0.25,0.5,3.4482758620689653
FLK,2020,CS17 / PROT = 0,CS17,0,23.621999244096,SPONGES,2,31.5,42.25,6.5,20.634920634920633
FLK,2020,CS17 / PROT = 0,CS17,0,23.621999244096,TURF ALGAE,2,11.5,2.25,1.5,13.043478260869565
FLK,2022,CS01 / PROT = 0,CS01,0,4.377266526594136,CCA,18,1.2222222222222223,0.27160493827160487,0.5211573066470476,42.64014327112208
FLK,2022,CS01 / PROT = 0,CS01,0,4.377266526594136,HARD CORALS,18,1.6666666666666665,0.1764705882352941,0.42008402520840293,25.205041512504177
FLK,2022,CS01 / PROT = 0,CS01,0,4.377266526594136,MACROALGAE,18,27.38888888888889,14.040123456790122,3.7470152730927215,13.680785986951113
FLK,2022,CS01 / PROT = 0,CS01,0,4.377266526594136,OTHER,18,28.166666666666664,50.119281045751634,7.07949723114231,25.134309696363232
FLK,2022,CS01 / PROT = 0,CS01,0,4.377266526594136,RAMICRUSTA SPP.,18,0,5.555555555555555e-10,2.3570226039551585e-5,NA
FLK,2022,CS01 / PROT = 0,CS01,0,4.377266526594136,SOFT CORALS,18,2.5555555555555554,0.30864197530864196,0.5555555555555556,21.73913043478261
FLK,2022,CS01 / PROT = 0,CS01,0,4.377266526594136,SPONGES,18,3.7777777777777777,0.8140885984023237,0.9022685844039589,23.88358017539891
FLK,2022,CS01 / PROT = 0,CS01,0,4.377266526594136,TURF ALGAE,18,35.22222222222222,36.81408859840232,6.067461462457122,17.226231281424006
FLK,2022,CS02 / PROT = 0,CS02,0,7.2643997675392065,CCA,3,0,3.3333333333333334e-9,5.773502691896258e-5,NA
FLK,2022,CS02 / PROT = 0,CS02,0,7.2643997675392065,HARD CORALS,3,0.6666666666666666,0.11111111111111112,0.33333333333333337,50.000000000000014
FLK,2022,CS02 / PROT = 0,CS02,0,7.2643997675392065,MACROALGAE,3,20,31,5.5677643628300215,27.838821814150105
FLK,2022,CS02 / PROT = 0,CS02,0,7.2643997675392065,OTHER,3,60.333333333333336,152.44444444444446,12.346839451634757,20.464374781715065
FLK,2022,CS02 / PROT = 0,CS02,0,7.2643997675392065,RAMICRUSTA SPP.,3,0,3.3333333333333334e-9,5.773502691896258e-5,NA
FLK,2022,CS02 / PROT = 0,CS02,0,7.2643997675392065,SOFT CORALS,3,2.6666666666666665,1.777777777777778,1.3333333333333335,50.000000000000014
FLK,2022,CS02 / PROT = 0,CS02,0,7.2643997675392065,SPONGES,3,0.6666666666666666,0.11111111111111112,0.33333333333333337,50.000000000000014
FLK,2022,CS02 / PROT = 0,CS02,0,7.2643997675392065,TURF ALGAE,3,15.666666666666668,163.44444444444446,12.784539273843405,81.60344217346854
FLK,2022,CS03 / PROT = 0,CS03,0,4.593020542678514,CCA,29,3.153113741636645,0.7136688013350722,0.8447892052666583,26.792221102311547
FLK,2022,CS03 / PROT = 0,CS03,0,4.593020542678514,HARD CORALS,29,21.24227997941328,4.385054268227452,2.0940521168842605,9.857944245691556
FLK,2022,CS03 / PROT = 0,CS03,0,4.593020542678514,MACROALGAE,29,21.57346886258363,11.834141883753897,3.4400787612718835,15.945876776628406
FLK,2022,CS03 / PROT = 0,CS03,0,4.593020542678514,OTHER,29,14.758106021616056,9.031602910733264,3.0052625360745546,20.363470296749295
FLK,2022,CS03 / PROT = 0,CS03,0,4.593020542678514,RAMICRUSTA SPP.,29,0.9817292846114255,0.22283584095096406,0.4720549130672872,48.08402076486182
FLK,2022,CS03 / PROT = 0,CS03,0,4.593020542678514,SOFT CORALS,29,6,1.6576354679802956,1.2874919292874405,21.45819882145734
FLK,2022,CS03 / PROT = 0,CS03,0,4.593020542678514,SPONGES,29,5.137416366443643,1.213685110571514,1.101673776837551,21.444120901576458
FLK,2022,CS03 / PROT = 0,CS03,0,4.593020542678514,TURF ALGAE,29,27.153885743695316,9.710615606319704,3.116186067345739,11.476022609652713
FLK,2022,CS05 / PROT = 0,CS05,0,7.46759976103681,CCA,1,0,NA,NA,NA
FLK,2022,CS05 / PROT = 0,CS05,0,7.46759976103681,HARD CORALS,1,1,NA,NA,NA
FLK,2022,CS05 / PROT = 0,CS05,0,7.46759976103681,MACROALGAE,1,28,NA,NA,NA
FLK,2022,CS05 / PROT = 0,CS05,0,7.46759976103681,OTHER,1,26,NA,NA,NA
FLK,2022,CS05 / PROT = 0,CS05,0,7.46759976103681,RAMICRUSTA SPP.,1,0,NA,NA,NA
FLK,2022,CS05 / PROT = 0,CS05,0,7.46759976103681,SOFT CORALS,1,0,NA,NA,NA
FLK,2022,CS05 / PROT = 0,CS05,0,7.46759976103681,SPONGES,1,7,NA,NA,NA
FLK,2022,CS05 / PROT = 0,CS05,0,7.46759976103681,TURF ALGAE,1,38,NA,NA,NA
FLK,2022,CS06 / PROT = 0,CS06,0,4.5719998536960045,CCA,15,0.8,0.09714285714285717,0.3116774889895919,38.95968612369899
FLK,2022,CS06 / PROT = 0,CS06,0,4.5719998536960045,HARD CORALS,15,7.866666666666666,6.093968253968253,2.46859641374775,31.380462886623945
FLK,2022,CS06 / PROT = 0,CS06,0,4.5719998536960045,MACROALGAE,15,19.53333333333333,17.170158730158732,4.143689024306569,21.21342503911213
FLK,2022,CS06 / PROT = 0,CS06,0,4.5719998536960045,OTHER,15,8.133333333333333,5.16063492063492,2.2717030881334206,27.930775673771567
FLK,2022,CS06 / PROT = 0,CS06,0,4.5719998536960045,RAMICRUSTA SPP.,15,0.06666666666666668,0.004444444444444445,0.06666666666666668,100
FLK,2022,CS06 / PROT = 0,CS06,0,4.5719998536960045,SOFT CORALS,15,5.066666666666666,0.8139682539682542,0.9022018920220984,17.806616289909837
FLK,2022,CS06 / PROT = 0,CS06,0,4.5719998536960045,SPONGES,15,5.2666666666666675,2.1568253968253974,1.4686134266121216,27.88506506225547
FLK,2022,CS06 / PROT = 0,CS06,0,4.5719998536960045,TURF ALGAE,15,53.266666666666666,41.73777777777777,6.460478138479982,12.128557206157664
FLK,2022,CS08 / PROT = 0,CS08,0,5.63879981955841,CCA,1,0,NA,NA,NA
FLK,2022,CS08 / PROT = 0,CS08,0,5.63879981955841,HARD CORALS,1,1,NA,NA,NA
FLK,2022,CS08 / PROT = 0,CS08,0,5.63879981955841,MACROALGAE,1,1,NA,NA,NA
FLK,2022,CS08 / PROT = 0,CS08,0,5.63879981955841,OTHER,1,10,NA,NA,NA
FLK,2022,CS08 / PROT = 0,CS08,0,5.63879981955841,RAMICRUSTA SPP.,1,0,NA,NA,NA
FLK,2022,CS08 / PROT = 0,CS08,0,5.63879981955841,SOFT CORALS,1,1,NA,NA,NA
FLK,2022,CS08 / PROT = 0,CS08,0,5.63879981955841,SPONGES,1,0,NA,NA,NA
FLK,2022,CS08 / PROT = 0,CS08,0,5.63879981955841,TURF ALGAE,1,87,NA,NA,NA
FLK,2022,CS09 / PROT = 0,CS09,0,3.1846343808503184,CCA,29,2,0.18472906403940886,0.4298011912959396,21.49005956479698
FLK,2022,CS09 / PROT = 0,CS09,0,3.1846343808503184,HARD CORALS,29,6.172413793103448,1.143027008663156,1.0691244121537755,17.321010029306976
FLK,2022,CS09 / PROT = 0,CS09,0,3.1846343808503184,MACROALGAE,29,10.482758620689657,7.343893324273823,2.7099618676789206,25.85160992193707
FLK,2022,CS09 / PROT = 0,CS09,0,3.1846343808503184,OTHER,29,14.965517241379313,4.905129947341601,2.214752795989115,14.79903942020376
FLK,2022,CS09 / PROT = 0,CS09,0,3.1846343808503184,RAMICRUSTA SPP.,29,1.7931034482758625,0.4664515033123832,0.6829725494574311,38.08885371974134
FLK,2022,CS09 / PROT = 0,CS09,0,3.1846343808503184,SOFT CORALS,29,4.620689655172415,1.205452692373026,1.0979310963685407,23.761195369169908
FLK,2022,CS09 / PROT = 0,CS09,0,3.1846343808503184,SPONGES,29,0.9310344827586207,0.14022422286393754,0.3744652492073698,40.22034158153231
FLK,2022,CS09 / PROT = 0,CS09,0,3.1846343808503184,TURF ALGAE,29,59.03448275862069,15.912519109903178,3.9890499006534346,6.757152284985374
FLK,2022,CS11 / PROT = 0,CS11,0,8.018584358789917,CCA,13,0.23076923076923075,0.02761341222879685,0.16617283842071437,72.00822998230957
FLK,2022,CS11 / PROT = 0,CS11,0,8.018584358789917,HARD CORALS,13,2.307692307692308,0.6203155818540433,0.7876011565850086,34.12938345201704
FLK,2022,CS11 / PROT = 0,CS11,0,8.018584358789917,MACROALGAE,13,18,21.03846153846154,4.586770273129181,25.482057072939895
FLK,2022,CS11 / PROT = 0,CS11,0,8.018584358789917,OTHER,13,17.384615384615383,23.622287968441814,4.860276532095866,27.957342883737287
FLK,2022,CS11 / PROT = 0,CS11,0,8.018584358789917,RAMICRUSTA SPP.,13,0.07692307692307693,0.005917159763313611,0.07692307692307693,100
FLK,2022,CS11 / PROT = 0,CS11,0,8.018584358789917,SOFT CORALS,13,3.076923076923077,0.5187376725838265,0.7202344566763149,23.407619841980235
FLK,2022,CS11 / PROT = 0,CS11,0,8.018584358789917,SPONGES,13,1.923076923076923,0.1982248520710059,0.4452244962611625,23.15167380558045
FLK,2022,CS11 / PROT = 0,CS11,0,8.018584358789917,TURF ALGAE,13,57,41.55128205128205,6.4460283936143234,11.308821743183023
FLK,2022,CS12 / PROT = 0,CS12,0,6.937828349418066,CCA,42,0.976190476190476,0.05631602234389687,0.2373099710165944,24.30980190901699
FLK,2022,CS12 / PROT = 0,CS12,0,6.937828349418066,HARD CORALS,42,6.4523809523809526,1.58908522758697,1.2605892382481179,19.536807382443154
FLK,2022,CS12 / PROT = 0,CS12,0,6.937828349418066,MACROALGAE,42,30.357142857142854,10.128712460593992,3.182563818777872,10.48373963832711
FLK,2022,CS12 / PROT = 0,CS12,0,6.937828349418066,OTHER,42,11.833333333333332,2.6654084397986844,1.6326078646750064,13.796686180352168
FLK,2022,CS12 / PROT = 0,CS12,0,6.937828349418066,RAMICRUSTA SPP.,42,0.261904761904762,0.02097505668934238,0.14482767929281468,55.297841184529226
FLK,2022,CS12 / PROT = 0,CS12,0,6.937828349418066,SOFT CORALS,42,3.9047619047619047,0.3424036281179138,0.5851526536878336,14.985616740785984
FLK,2022,CS12 / PROT = 0,CS12,0,6.937828349418066,SPONGES,42,2.7380952380952386,0.22074276865217626,0.46983270283386647,17.159107407845557
FLK,2022,CS12 / PROT = 0,CS12,0,6.937828349418066,TURF ALGAE,42,43.476190476190474,14.605386870195238,3.8216994740815555,8.79032737740555
FLK,2022,CS14 / PROT = 0,CS14,0,13.5635995659648,CCA,3,1,1,1,100
FLK,2022,CS14 / PROT = 0,CS14,0,13.5635995659648,HARD CORALS,3,1.3333333333333333,0.7777777777777778,0.8819171036881969,66.14378277661477
FLK,2022,CS14 / PROT = 0,CS14,0,13.5635995659648,MACROALGAE,3,8,2.3333333333333335,1.5275252316519468,19.094065395649334
FLK,2022,CS14 / PROT = 0,CS14,0,13.5635995659648,OTHER,3,39,84,9.16515138991168,23.500388179260717
FLK,2022,CS14 / PROT = 0,CS14,0,13.5635995659648,RAMICRUSTA SPP.,3,0,3.3333333333333334e-9,5.773502691896258e-5,NA
FLK,2022,CS14 / PROT = 0,CS14,0,13.5635995659648,SOFT CORALS,3,8.666666666666666,4.777777777777778,2.185812841434,25.22091740116154
FLK,2022,CS14 / PROT = 0,CS14,0,13.5635995659648,SPONGES,3,7,9.333333333333334,3.0550504633038935,43.64357804719848
FLK,2022,CS14 / PROT = 0,CS14,0,13.5635995659648,TURF ALGAE,3,35,7,2.6457513110645907,7.559289460184544
FLK,2022,CS15 / PROT = 0,CS15,0,13.737770988962742,CCA,14,0.9285714285714285,0.10400313971742545,0.32249517782042175,34.73024991912234
FLK,2022,CS15 / PROT = 0,CS15,0,13.737770988962742,HARD CORALS,14,3,0.8791208791208792,0.9376144618769909,31.253815395899696
FLK,2022,CS15 / PROT = 0,CS15,0,13.737770988962742,MACROALGAE,14,34.357142857142854,26.81985871271586,5.178789309550627,15.073399237777293
FLK,2022,CS15 / PROT = 0,CS15,0,13.737770988962742,OTHER,14,10.571428571428571,4.9089481946624804,2.2156146313523206,20.958516783062493
FLK,2022,CS15 / PROT = 0,CS15,0,13.737770988962742,RAMICRUSTA SPP.,14,0,7.142857142857143e-10,2.672612419124244e-5,NA
FLK,2022,CS15 / PROT = 0,CS15,0,13.737770988962742,SOFT CORALS,14,4.428571428571429,0.32653061224489793,0.5714285714285714,12.903225806451612
FLK,2022,CS15 / PROT = 0,CS15,0,13.737770988962742,SPONGES,14,6.285714285714286,0.8618524332810047,0.9283600773843115,14.769364867477682
FLK,2022,CS15 / PROT = 0,CS15,0,13.737770988962742,TURF ALGAE,14,40.42857142857143,21.974882260596548,4.687737435116919,11.595110263540082
FLK,2022,CS17 / PROT = 0,CS17,0,24.208153071492923,CCA,13,4.769230769230769,1.489151873767258,1.220308106081107,25.587105450087726
FLK,2022,CS17 / PROT = 0,CS17,0,24.208153071492923,HARD CORALS,13,4.461538461538462,1.1360946745562133,1.0658774200423862,23.890355966467276
FLK,2022,CS17 / PROT = 0,CS17,0,24.208153071492923,MACROALGAE,13,14.307692307692308,16.774161735700197,4.095627148032423,28.625351034635216
FLK,2022,CS17 / PROT = 0,CS17,0,24.208153071492923,OTHER,13,21.846153846153847,14.485207100591719,3.8059436544163026,17.421573065990117
FLK,2022,CS17 / PROT = 0,CS17,0,24.208153071492923,RAMICRUSTA SPP.,13,0,7.692307692307692e-10,2.7735009811261458e-5,NA
FLK,2022,CS17 / PROT = 0,CS17,0,24.208153071492923,SOFT CORALS,13,10.923076923076923,5.775147928994083,2.403153746432817,22.000703312413115
FLK,2022,CS17 / PROT = 0,CS17,0,24.208153071492923,SPONGES,13,11.076923076923077,1.3648915187376724,1.1682857179378991,10.547023842494923
FLK,2022,CS17 / PROT = 0,CS17,0,24.208153071492923,TURF ALGAE,13,32.61538461538461,17.237672583826427,4.151827619714772,12.729660154785858
