REGION,SURVEY,YEAR,SUB_REGION_NAME,ADMIN,PROT,PRIMARY_SAMPLE_UNIT,LAT_DEGREES,LON_DEGREES,STRAT,HABITAT_CD,METERS_COMPLETED,avg_cm2,avg_cm3,var_cm2,var_cm3,avg_maxdiam,var_maxdiam,n_colonies,DEPTH_M
SEFCRI,NCRMP,2016,Broward-Miami,NA,0,3001,26.20328,-80.08675,NEAR0,RGSH,10,14.89,24.052818754046854,258.06675,498.39306838237565,6.6,5.3,5,17
SEFCRI,NCRMP,2016,Broward-Miami,NA,0,3002,26.1882,-80.0886,NEAR0,RGSH,10,289.7508928571429,417.67345767276936,219175.73437417325,373603.89134349074,27.357142857142854,652.1640211640212,28,13
SEFCRI,NCRMP,2016,Broward-Miami,NA,0,3004,26.16218333,-80.09666667,NEAR0,CPSH,10,19.25,19.471329467561738,NA,NA,7,NA,1,15
SEFCRI,NCRMP,2016,Broward-Miami,NA,0,3009,26.0847,-80.0998,NEAR0,CPSH,10,54.204166666666666,51.5990230890386,1797.9863541666666,1928.1945778721397,10.75,19.075,6,1
SEFCRI,NCRMP,2016,Broward-Miami,NA,0,3016,26.00153,-80.11192,NEAR0,CPSH,10,180,261.79938779914943,NA,NA,20,NA,1,16
SEFCRI,NCRMP,2016,Broward-Miami,NA,0,3021,25.92597,-80.10537,NEAR0,RGSH,10,72.9,132.5359400733194,NA,NA,13.5,NA,1,32
SEFCRI,NCRMP,2016,Broward-Miami,NA,0,3030,25.87205,-80.11192,NEAR0,RGSH,10,53,97.52027195518318,3280.5,14814.901623675129,11,72,2,21
SEFCRI,NCRMP,2016,Broward-Miami,NA,0,3030,25.87205,-80.11191667,NEAR0,RGSH,10,6,11.780972450961723,NA,NA,8,NA,1,21
SEFCRI,NCRMP,2016,Broward-Miami,NA,0,3036,25.80918,-80.09967,NEAR0,RGSH,10,82.92999999999999,88.6125477853171,3313.716999999999,3147.74540195252,14.6,27.8,5,26
SEFCRI,NCRMP,2016,Broward-Miami,NA,0,3036,25.80918333,-80.09966667,NEAR0,RGSH,10,24,36.65191429188092,NA,NA,8,NA,1,26
SEFCRI,NCRMP,2016,Broward-Miami,NA,0,3037,25.80663,-80.10753,NEAR0,RGSH,10,460.225,730.4121107287582,725434.2691666669,1908721.2271655898,25,1032,4,23
SEFCRI,NCRMP,2016,Broward-Miami,NA,0,3040,25.80368,-80.0914,NEAR0,RGSH,10,229.875,337.08307425314234,96910.03125,212026.32587292956,28,968,2,28
SEFCRI,NCRMP,2016,Broward-Miami,NA,0,3045,26.21538,-80.08393,NEAR1,RGSH,10,368.0833333333333,541.6871740404955,380847.1911538463,615869.7737285446,29.07407407407407,779.5327635327635,25,25
SEFCRI,NCRMP,2016,Broward-Miami,NA,0,3057,26.08965,-80.09368,INNR0,LIRI,10,10.425,9.899289351155337,39.161249999999995,22.50271945289606,5,2,2,42
SEFCRI,NCRMP,2016,Broward-Miami,NA,0,3058,26.05528,-80.0981,INNR0,LIRI,10,31.033333333333335,38.28816046562561,1326.5466666666666,1740.203164886519,8.833333333333334,13.366666666666665,6,26
SEFCRI,NCRMP,2016,Broward-Miami,NA,0,3059,26.03543,-80.10108,INNR0,LIRI,10,45.34833333333333,54.98659808408134,1424.2988166666667,1546.3217545505966,9.833333333333334,18.566666666666666,6,25
SEFCRI,NCRMP,2016,Broward-Miami,NA,0,3061,25.96068,-80.1022,INNR0,LIRI,10,59.665,81.85354209081257,2468.5642499999994,3140.1576488038572,12.9,52.55,5,32
SEFCRI,NCRMP,2016,Broward-Miami,NA,0,3064,25.86882,-80.10455,INNR0,LIRI,10,57.5,65.31894725588779,4540.6875,5043.043360009883,17.666666666666668,258.33333333333337,3,26
SEFCRI,NCRMP,2016,Broward-Miami,NA,0,3066,25.85471667,-80.09971667,INNR1,LIRI,10,15,29.45243112740431,NA,NA,6,NA,1,30
SEFCRI,NCRMP,2016,Broward-Miami,NA,0,3066,25.85472,-80.09972,INNR1,LIRI,10,77.43833333333333,86.81376782498045,13359.56775595238,17803.63344579261,11.133333333333333,67.26666666666667,14,30
SEFCRI,NCRMP,2016,Broward-Miami,NA,0,3067,25.83123,-80.09333,INNR0,LIRI,10,7.25,10.417433972841152,42.4375,70.31486280760183,6.333333333333333,2.333333333333333,3,36
SEFCRI,NCRMP,2016,Broward-Miami,NA,0,3069,26.21775,-80.08175,INNR1,LIRI,10,69.70500000000001,96.63342652901355,7045.116777777777,15851.732980629164,14.7,103.51111111111112,9,25
SEFCRI,NCRMP,2016,Broward-Miami,NA,0,3071,26.04477,-80.09837,INNR0,LIRI,10,37.5,52.56812707285194,760.75,4463.388786574007,9.090909090909092,7.6909090909090905,11,36
SEFCRI,NCRMP,2016,Broward-Miami,NA,0,3072,25.99623,-80.10095,INNR1,LIRI,10,27,50.178215994836975,273,1590.245720702144,7.833333333333333,11.083333333333334,3,38
SEFCRI,NCRMP,2016,Broward-Miami,NA,0,3078,25.92745,-80.09992,INNR1,LIRI,10,19.994705882352942,24.054358750445672,180.55935147058827,370.68271951940994,7.0588235294117645,5.5588235294117645,15,41
SEFCRI,NCRMP,2016,Broward-Miami,NA,0,3078,25.92745,-80.09991667,INNR1,LIRI,10,8,7.853981633974483,NA,NA,4,NA,1,41
SEFCRI,NCRMP,2016,Broward-Miami,NA,0,3083,25.83775,-80.0995,INNR1,LIRI,10,87.120625,98.83213232498296,4878.310974553572,6381.646261744038,13.5,30.285714285714285,8,30
SEFCRI,NCRMP,2016,Broward-Miami,NA,0,3085,26.23083,-80.06935,NEAR1,PTCH,10,54.4375,87.74370106705868,1047.3489583333333,4807.440735150214,11,12.666666666666666,4,53
SEFCRI,NCRMP,2016,Broward-Miami,NA,0,3089,25.76967,-80.08827,NEAR0,APRD,10,29.016666666666666,32.888548092268145,423.60166666666674,776.3639008864723,8.333333333333334,9.866666666666667,6,56
SEFCRI,NCRMP,2016,Broward-Miami,NA,0,3091,26.19517,-80.0795,MIDR0,LIRM,10,83.17708333333333,116.12302741218211,34991.79607481058,69016.61291282038,11.375,137.41477272727272,11,45
SEFCRI,NCRMP,2016,Broward-Miami,NA,0,3094,26.11138,-80.08658,MIDR0,LIRM,10,37.5,70.3585854710214,2726,13820.273391952494,8.833333333333334,43.766666666666666,5,61
SEFCRI,NCRMP,2016,Broward-Miami,NA,0,3095,26.0635,-80.09392,MIDR0,LIRM,10,58.432105263157894,92.10205804637683,12011.881028654972,55037.451922717126,10.263157894736842,76.53801169590642,18,1
SEFCRI,NCRMP,2016,Broward-Miami,NA,0,3097,26.03021667,-80.09455,MIDR0,LIRM,10,12,19.634954084936208,NA,NA,6,NA,1,44
SEFCRI,NCRMP,2016,Broward-Miami,NA,0,3097,26.03022,-80.09455,MIDR0,LIRM,10,10.541666666666666,18.942276538050958,37.50520833333333,74.07995196484248,6.5,0.25,3,44
SEFCRI,NCRMP,2016,Broward-Miami,NA,0,3099,25.98675,-80.09298,MIDR0,LIRM,10,94.07333333333335,83.26529528951947,43025.980266666666,32563.534245514533,11.5,253.9,6,57
SEFCRI,NCRMP,2016,Broward-Miami,NA,0,3105,25.8614,-80.09255,MIDR1,LIRM,10,33.75,72.15845626214056,NA,NA,15,NA,1,56
SEFCRI,NCRMP,2016,Broward-Miami,NA,0,3108,26.23311667,-80.0742,MIDR1,LIRM,10,12.5,11.453723216212786,NA,NA,5,NA,1,57
SEFCRI,NCRMP,2016,Broward-Miami,NA,0,3108,26.23312,-80.0742,MIDR1,LIRM,10,25.071428571428573,38.00766112155509,400.452380952381,1822.1867277346064,8.142857142857142,12.476190476190476,7,57
SEFCRI,NCRMP,2016,Broward-Miami,NA,0,3110,26.14783,-80.08213,MIDR1,LIRM,10,10.5,11.453723216212786,40.5,10.49502204108894,5,2,2,61
SEFCRI,NCRMP,2016,Broward-Miami,NA,0,3115,26.07167,-80.09243,MIDR1,LIRM,10,26.916666666666668,43.36052360423411,9.770833333333332,374.1528903679033,14.666666666666666,80.33333333333333,3,50
SEFCRI,NCRMP,2016,Broward-Miami,NA,0,3117,26.03328,-80.09428,MIDR1,LIRM,10,36.8575,49.03077109472895,817.7430625000002,1635.753726113456,9.9,19.433333333333334,9,44
SEFCRI,NCRMP,2016,Broward-Miami,NA,0,3119,26.17467,-80.07573,OFFR1,LIRO,10,32,45.16039439535328,546.6666666666666,916.9936265016763,10,24.666666666666668,4,54
SEFCRI,NCRMP,2016,Broward-Miami,NA,0,3120,26.09685,-80.08392,OFFR1,LIRO,10,52.460227272727266,60.23245290032419,1960.496025568181,2260.8176230928075,10.863636363636363,20.604545454545452,11,50
SEFCRI,NCRMP,2016,Broward-Miami,NA,0,3124,26.02235,-80.08727,OFFR1,LIRO,10,66.04653846153846,122.24042741793727,8502.869822435898,53469.66383052152,11.73076923076923,64.4423076923077,13,50
SEFCRI,NCRMP,2016,Broward-Miami,NA,0,3124,26.02235,-80.08726667,OFFR1,LIRO,10,136.125,143.08972789397262,NA,NA,16.5,NA,1,50
SEFCRI,NCRMP,2016,Broward-Miami,NA,0,3127,25.99412,-80.08917,OFFR0,LIRO,10,165,134.17218624706408,NA,NA,20,NA,1,70
SEFCRI,NCRMP,2016,Broward-Miami,NA,0,3138,26.13005,-80.08028,OFFR1,LIRO,10,22,33.16125578789226,244,291.8615653331402,7.666666666666667,4.333333333333333,3,57
SEFCRI,NCRMP,2016,Broward-Miami,NA,0,3139,26.09797,-80.08297,OFFR1,LIRO,10,20,21.0530341021816,372,160.24542157295326,6.833333333333333,11.083333333333332,3,61
SEFCRI,NCRMP,2016,Broward-Miami,NA,0,3140,26.09627,-80.08293,OFFR1,SPGR,10,51.9375,68.35418390818417,1603.4598214285713,2507.7116996899977,10.625,15.982142857142858,8,61
SEFCRI,NCRMP,2016,Broward-Miami,NA,0,3142,26.06533,-80.09283,OFFR1,SPGR,10,51.47222222222222,40.85161280449228,2319.1319444444443,1225.4812344050106,11.11111111111111,29.361111111111114,9,82
SEFCRI,NCRMP,2016,Broward-Miami,NA,0,3142,26.06533333,-80.09283333,OFFR1,SPGR,10,336.6666666666667,254.81807079117212,114633.33333333334,43291.46615653755,27.666666666666668,156.33333333333334,3,82
SEFCRI,NCRMP,2016,Broward-Miami,NA,0,3143,26.05881667,-80.0857,OFFR1,SPGR,10,537.5,886.5181769348698,NA,NA,43,NA,1,61
SEFCRI,NCRMP,2016,Broward-Miami,NA,0,3143,26.05882,-80.0857,OFFR1,SPGR,10,29.75,42.37877589998731,780.125,1353.697205208008,8,18,2,61
SEFCRI,NCRMP,2016,Broward-Miami,NA,0,3144,26.05753,-80.08658,OFFR1,CPDP,10,57.17999999999999,83.63181443243829,5161.825105263157,11324.55302471896,12.05,60.365789473684224,19,53
SEFCRI,NCRMP,2016,Broward-Miami,NA,0,3150,25.78822,-80.08813,OFFR1,LIRO,10,86.29375,91.34139734157979,8670.624875,9922.11527558122,13.875,87.31666666666666,15,52
SEFCRI,NCRMP,2016,Broward-Miami,NA,0,3152,26.22498,-80.06967,OFFR1,APRD,10,57.27777777777778,61.04289058850167,7225.846319444446,8139.788362991821,11.222222222222221,59.69444444444445,9,78
SEFCRI,NCRMP,2016,Broward-Miami,NA,0,3154,26.19408,-80.06995,OFFR0,APRD,10,91.76,92.28755669154766,5793.469472222223,3674.6757798649455,15.6,56.04444444444445,10,92
SEFCRI,NCRMP,2016,Broward-Miami,NA,0,3154,26.19408333,-80.06995,OFFR0,APRD,10,105,80.17606251348951,3528,1773.658724944031,17.5,24.5,2,92
SEFCRI,NCRMP,2016,Broward-Miami,NA,0,3800,26.19573,-80.07925,MIDR0,LIRM,10,56.00657894736842,71.02427930907649,6812.306933479532,9025.21800403603,12.631578947368421,69.35672514619883,18,47
SEFCRI,NCRMP,2016,Deerfield,NA,0,3160,26.29583,-80.07473,NEAR0,RGSH,10,64.6875,103.1244151002587,5798.495535714285,14665.475687591928,10.625,63.125,8,16
SEFCRI,NCRMP,2016,Deerfield,NA,0,3162,26.3288,-80.0662,MIDR0,LIRM,10,29.99921875,46.01379904034699,986.6650097656251,2500.432805288573,8.5,25.866666666666667,16,42
SEFCRI,NCRMP,2016,Deerfield,NA,0,3165,26.31065,-80.06547,MIDR0,LIRM,10,78.9546875,105.43868078224884,13801.419997209823,28507.147535219676,12.375,75.625,8,60
SEFCRI,NCRMP,2016,Deerfield,NA,0,3167,26.36958,-80.05447,OFFR1,LIRO,10,108.85833333333333,114.4074232990108,3732.2955583333323,2140.309841381937,14.666666666666666,16.333333333333332,3,52
SEFCRI,NCRMP,2016,Deerfield,NA,0,3172,26.33358,-80.05777,OFFR1,SPGR,10,56.770833333333336,87.38918106274733,387.1036041666666,1792.6204900003686,12.833333333333334,10.966666666666665,6,60
SEFCRI,NCRMP,2016,Deerfield,NA,0,3174,26.30063,-80.06013,OFFR1,SPGR,10,54.713888888888896,88.70817728391596,4726.132986111112,16521.5146346061,13.833333333333334,59.125,9,69
SEFCRI,NCRMP,2016,Deerfield,NA,0,3174,26.30063333,-80.06013333,OFFR1,SPGR,10,296.0833333333333,424.82404824324476,46486.27083333333,140965.3967580876,29.666666666666668,82.33333333333334,3,69
SEFCRI,NCRMP,2016,Deerfield,NA,0,3175,26.37747,-80.05298,OFFR0,APRD,10,44.480000000000004,56.5421227799213,649.4408,2237.994568648168,10.75,6.125,2,76
SEFCRI,NCRMP,2016,Deerfield,NA,0,3178,26.28233,-80.06113,OFFR1,SPGR,10,69.59511904761905,85.5400670534469,7560.18238779762,14775.334569158606,12.642857142857142,66.80357142857143,21,84
SEFCRI,NCRMP,2016,Martin,NA,0,3214,26.99538,-80.06475,DPRC0,DPRC,10,9.625,13.989904785517048,15.5625,41.79267705647919,5,0.6666666666666666,4,73
SEFCRI,NCRMP,2016,Martin,NA,0,3265,27.12583,-80.13417,NEAR0,RGSH,10,107.53,94.77137838329212,42027.720111111106,29581.53471332618,12.5,209.16666666666666,10,17
SEFCRI,NCRMP,2016,Martin,NA,0,3266,27.11625,-80.12892,NEAR0,CPSH,10,8.75,12.27184630308513,3.125,12.04785693492353,5,0,2,32
SEFCRI,NCRMP,2016,Martin,NA,0,3270,27.10708,-80.1235,NEAR0,RGSH,10,6,7.853981633974483,0,3.4269459726004707,4,0,2,23
SEFCRI,NCRMP,2016,Martin,NA,0,3279,27.14025,-80.07192,DPRC0,RGDP,10,8,12.762720155208534,8,25.916278917791065,4.5,0.5,2,76
SEFCRI,NCRMP,2016,Martin,NA,0,3285,26.99538,-80.06475,DPRC0,RGDP,10,6.300000000000001,7.804894248762141,14.579999999999993,31.61839574001333,6.75,10.125,2,46
SEFCRI,NCRMP,2016,Martin,NA,0,3286,27.09083,-80.04242,DPRC0,RGDP,10,10.475,12.11803916275313,7.617361111111112,5.241335378323014,5.2,0.8999999999999999,7,70
SEFCRI,NCRMP,2016,Martin,NA,0,3288,27.06622,-80.04387,DPRC0,RGDP,10,7.083333333333333,9.872018581592926,3.520833333333333,3.5429623727145483,4.5,0.25,3,67
SEFCRI,NCRMP,2016,Martin,NA,0,3289,27.05635,-80.03387,DPRC1,RGDP,10,83,133.5176877775662,12279,33585.35563622434,13.333333333333334,114.33333333333334,3,70
SEFCRI,NCRMP,2016,North Palm Beach,NA,0,3212,26.74003,-80.03408,NEAR0,RGSH,10,5,9.817477042468102,2,0.8567364931501159,4,0,2,1
SEFCRI,NCRMP,2016,North Palm Beach,NA,0,3217,26.98758,-80.01078,DPRC0,DPRC,10,8.916666666666666,13.526301702956054,17.770833333333336,48.97676952508175,4.5,0.75,3,87
SEFCRI,NCRMP,2016,North Palm Beach,NA,0,3222,26.96173,-80.00253,DPRC0,DPRC,10,7.875,11.044661672776616,NA,NA,4.5,NA,1,97
SEFCRI,NCRMP,2016,North Palm Beach,NA,0,3226,26.94015,-80.0101,DPRC0,DPRC,10,12.160714285714286,18.840205943403074,105.02455357142861,211.7962252939727,5.214285714285714,3.0714285714285707,7,77
SEFCRI,NCRMP,2016,North Palm Beach,NA,0,3229,26.91263,-80.0323,DPRC0,DPRC,10,10.2,16.886060513045138,46.08,149.27776656647652,5,2,2,73
SEFCRI,NCRMP,2016,North Palm Beach,NA,0,3230,26.91148,-80.02475,DPRC0,DPRC,10,267,267.85349864200475,136242,136564.27892240617,18.5,420.5,2,77
SEFCRI,NCRMP,2016,North Palm Beach,NA,0,3230,26.91148333,-80.02475,DPRC0,DPRC,10,100.88,111.73597871267697,NA,NA,16,NA,1,77
SEFCRI,NCRMP,2016,North Palm Beach,NA,0,3231,26.90467,-80.0296,DPRC0,DPRC,10,27.309375,41.7385945845097,442.71720703125,1390.7698749466435,9.5,18,2,75
SEFCRI,NCRMP,2016,North Palm Beach,NA,0,3240,26.8628,-80.02373,DPRC0,DPRC,10,8,13.089969389957473,NA,NA,4,NA,1,85
SEFCRI,NCRMP,2016,North Palm Beach,NA,0,3250,26.74183,-80.00923,DPRC0,DPRC,10,23.25,29.943304979527717,136.125,139.273226167716,7.5,4.5,2,94
SEFCRI,NCRMP,2016,North Palm Beach,NA,0,3254,26.91433,-80.0115,DPRC1,DPRC,6,82.88823529411765,97.95724593334792,30577.484540441183,31808.890154335277,12.264705882352942,76.84742647058823,17,80
SEFCRI,NCRMP,2016,North Palm Beach,NA,0,3254,26.91433333,-80.0115,DPRC1,DPRC,6,60.114583333333336,57.520870699516244,342.3131510416667,569.6229547687619,12.833333333333334,2.2666666666666666,6,80
SEFCRI,NCRMP,2016,North Palm Beach,NA,0,3257,26.86488,-80.01723,DPRC1,DPRC,10,42.33333333333333,69.3768377667746,3234.333333333333,10641.952349664187,11.333333333333334,37.33333333333333,2,77
SEFCRI,NCRMP,2016,North Palm Beach,NA,0,3259,26.83283,-80.0172,DPRC1,DPRC,10,156.075,173.2293824143497,81775.28916666667,96074.89690626947,14.25,274.25,4,72
SEFCRI,NCRMP,2016,North Palm Beach,NA,0,3261,26.76882,-80.01273,DPRC1,DPRC,10,55.05,108.31949670189807,1211.4119999999998,6968.1201934644005,16.833333333333332,138.56666666666666,6,84
SEFCRI,NCRMP,2016,North Palm Beach,NA,0,3262,26.77115,-80.01158,DPRC1,DPRC,10,140.63,151.10406165297408,10411.469500000001,10528.16039445987,22.2,35.2,5,80
SEFCRI,NCRMP,2016,North Palm Beach,NA,0,3280,26.99275,-80.01537,DPRC0,RGDP,10,4,6.381360077604267,2,6.38982634474463,4.5,0.3333333333333333,4,64
SEFCRI,NCRMP,2016,North Palm Beach,NA,0,3624,26.86822,-80.01325,DPRC0,DPRC,10,65.22857142857143,88.65649268255481,5054.165714285714,8558.510355859597,12.285714285714286,36.904761904761905,7,75
SEFCRI,NCRMP,2016,North Palm Beach,NA,0,3635,26.83075,-80.00008,DPRC0,DPRC,10,18.767857142857142,25.45765296893336,347.8597321428571,716.9110671650234,6.142857142857143,6.476190476190475,7,78
SEFCRI,NCRMP,2016,South Palm Beach,NA,0,3185,26.55987,-80.0273,NEAR0,APRD,10,13.2075,20.264090738741036,50.685449999999996,90.59536104090706,5.875,2.4107142857142856,8,64
SEFCRI,NCRMP,2016,South Palm Beach,NA,0,3186,26.55917,-80.0285,NEAR0,APRD,10,5.75,6.904958853202567,29.4375,39.63584293497375,5.666666666666667,0.33333333333333337,3,56
SEFCRI,NCRMP,2016,South Palm Beach,NA,0,3189,26.67643,-80.01633,OFFR0,RGDP,10,13.7,17.63405876389985,16.98,93.0085376056527,6.142857142857143,1.80952380952381,7,80
SEFCRI,NCRMP,2016,South Palm Beach,NA,0,3194,26.48482,-80.0405,OFFR1,LIRO,10,26.743125,38.93979550431942,546.4063066964287,1465.2468712240568,7.75,13.428571428571429,8,62
SEFCRI,NCRMP,2016,South Palm Beach,NA,0,3195,26.41563,-80.0505,OFFR1,LIRO,10,191.67,305.30390106667306,85027.70011111112,251479.3659785314,23.1,440.1,10,66
SEFCRI,NCRMP,2016,South Palm Beach,NA,0,3199,26.5862,-80.02448,OFFR1,RGDP,10,17.140625,20.999174332295837,322.60463169642856,229.71086106405505,6.25,6.5,8,62
SEFCRI,NCRMP,2016,South Palm Beach,NA,0,3203,26.50883,-80.03383,OFFR1,CPDP,10,101.96964285714287,177.51284114775987,17431.891747939564,67141.78373686972,15.714285714285714,116.52747252747251,14,61
SEFCRI,NCRMP,2016,South Palm Beach,NA,0,3203,26.50883333,-80.03383333,OFFR1,CPDP,10,27,35.34291735288517,NA,NA,9,NA,1,61
SEFCRI,NCRMP,2016,South Palm Beach,NA,0,3206,26.40071667,-80.05091667,OFFR1,SPGR,10,40,41.88790204786391,512,493.4802200544678,12,32,2,75
SEFCRI,NCRMP,2016,South Palm Beach,NA,0,3206,26.40072,-80.05092,OFFR1,SPGR,10,53.01,86.17257749102905,1889.645444444445,7217.327274319801,14,107.33333333333333,10,75
SEFCRI,NCRMP,2016,South Palm Beach,NA,0,3207,26.56608,-80.0255,OFFR1,RGDP,10,15.766666666666667,25.154557844368274,102.91187500000001,215.06201046285426,6.555555555555555,2.277777777777778,8,80
SEFCRI,NCRMP,2016,South Palm Beach,NA,0,3210,26.43697,-80.04603,OFFR1,APRD,10,92.98125,162.57769253096743,31697.322609374998,107757.0213144995,12.833333333333332,120.96666666666667,6,79
SEFCRI,NCRMP,2018,Broward-Miami,NA,0,3053,25.842734,-80.104184,INNR0,LIRI,10,176.82999999999998,259.90570556073556,30555.87821875,90254.05382015824,20.11111111111111,146.11111111111111,9,6.4007997951744064
SEFCRI,NCRMP,2018,Broward-Miami,NA,0,3059,25.9539333,-80.10025,INNR0,LIRI,10,22.663235294117648,32.69239105096864,914.0756904411763,2395.689193592666,6.882352941176471,19.485294117647054,15,9.44879969763841
SEFCRI,NCRMP,2018,Broward-Miami,NA,0,3062,25.97675,-80.0999667,INNR0,LIRI,10,34.114090909090905,51.994548414128346,2423.0714777056282,6484.368841039704,9.363636363636363,43.19480519480519,21,10.36319966837761
SEFCRI,NCRMP,2018,Broward-Miami,NA,0,3063,25.852599,-80.099801,INNR1,LIRI,10,43.635714285714286,54.39723779559541,3047.9489285714285,4788.2109413569015,9,28,7,9.44879969763841
SEFCRI,NCRMP,2018,Broward-Miami,NA,0,3066,26.0106667,-80.1010833,INNR1,LIRI,10,64.5075,91.57906209831621,2142.446951388889,4650.727206795494,12,26.666666666666668,10,9.75359968788481
SEFCRI,NCRMP,2018,Broward-Miami,NA,0,3067,25.9570667,-80.0999333,NEAR1,CPSH,10,22.453125,30.402681092806535,312.49096915760873,636.6847481375186,7.75,10.108695652173912,23,10.36319966837761
SEFCRI,NCRMP,2018,Broward-Miami,NA,0,3077,25.87379,-80.100493,INNR1,LIRI,10,49.058409090909095,64.20704360600219,6411.0859128246775,13051.922380149315,10.136363636363637,80.88528138528139,18,9.44879969763841
SEFCRI,NCRMP,2018,Broward-Miami,NA,0,3079,26.090616700000002,-80.09555,INNR1,LIRI,10,17.69,24.09754281612921,288.24608,406.7412603191545,7.333333333333333,9.466666666666667,6,10.36319966837761
SEFCRI,NCRMP,2018,Broward-Miami,NA,0,3085,25.9054,-80.09075,MIDR0,LIRM,10,255.01700000000002,414.743244649882,140821.78704499998,286487.4521213509,24.6,457.3,5,20.42159934650882
SEFCRI,NCRMP,2018,Broward-Miami,NA,0,3096,26.2103,-80.0783333,MIDR0,LIRM,10,74.36428571428571,94.63673869813825,12393.853928571429,17425.253232451236,13.285714285714286,75.90476190476191,7,13.106399580595214
SEFCRI,NCRMP,2018,Broward-Miami,NA,0,3097,25.82206,-80.091247,MIDR0,LIRM,10,104.00999999999999,135.67262398838795,12503.8494,21574.6037125074,14.5,121.66666666666667,4,14.020799551334415
SEFCRI,NCRMP,2018,Broward-Miami,NA,0,3109,25.876977,-80.092436,MIDR1,LIRM,10,63.77444444444444,67.67586896660178,4080.963002777777,5564.379140340061,12.222222222222221,58.19444444444445,9,19.50719937576962
SEFCRI,NCRMP,2018,Broward-Miami,NA,0,3110,25.871592,-80.092463,MIDR1,LIRM,10,36.140625,42.81442644374683,1201.8308229166664,1357.5673650642284,8.6875,14.3625,15,19.81199936601602
SEFCRI,NCRMP,2018,Broward-Miami,NA,0,3117,25.7993833,-80.09264,MIDR1,LIRM,10,37.07333333333333,53.530702599709414,1925.052775,4140.701385183022,9.222222222222221,17.694444444444446,9,14.325599541580814
SEFCRI,NCRMP,2018,Broward-Miami,NA,0,3136,25.888696,-80.107344,NEAR0,RGSH,10,191.79318181818184,229.90240488817057,141129.76851136363,157504.12603167837,21.272727272727273,375.8181818181818,11,8.229599736652808
SEFCRI,NCRMP,2018,Broward-Miami,NA,0,3155,26.1650167,-80.0934667,NEAR1,RGSH,10,136.410625,243.9573504590939,71239.66797455358,272741.79623018333,15,229.42857142857142,8,5.486399824435206
SEFCRI,NCRMP,2018,Broward-Miami,NA,0,3179,26.0435667,-80.1061333,NEAR1,RGSH,10,8.675,10.521062897178318,3.5112500000000013,0.9900661098966024,5,0,2,5.486399824435206
SEFCRI,NCRMP,2018,Broward-Miami,NA,0,3180,26.1717833,-80.0886667,NEAR1,RGSH,10,5.0625,7.649450862256393,1.7578125,4.581532262197336,9.5,60.5,2,3.657599882956804
SEFCRI,NCRMP,2018,Broward-Miami,NA,0,3202,26.0105667,-80.0885667,OFFR1,CPDP,10,266.3533333333333,364.6865472042151,193330.7945333333,369496.4504213477,17.666666666666668,444.33333333333337,3,18.287999414784018
SEFCRI,NCRMP,2018,Broward-Miami,NA,0,3230,26.12655,-80.0805,OFFR1,LIRO,10,19.294999999999998,24.902848641307216,232.98720714285716,285.7648145187417,7.25,6.785714285714286,8,18.89759939527682
SEFCRI,NCRMP,2018,Broward-Miami,NA,0,3231,25.9273,-80.0877333,OFFR1,SPGR,10,67.17,91.6297857297023,6089.713350000001,10769.829606634847,16.545454545454547,179.78354978354983,21,23.469599248972823
SEFCRI,NCRMP,2018,Broward-Miami,NA,0,3240,26.00312,-80.08755,OFFR1,LIRO,10,46.29153846153846,83.56183344223811,3501.0258807692303,21495.49367057151,15.153846153846153,144.64102564102564,12,20.72639933675522
SEFCRI,NCRMP,2018,Broward-Miami,NA,0,3241,26.2376667,-80.0658333,OFFR1,SPGR,10,81.9509090909091,94.95523295336014,15349.49902409091,11667.764022329036,16.09090909090909,105.29090909090908,11,25.603199180697626
SEFCRI,NCRMP,2018,Broward-Miami,NA,0,3242,25.9605833,-80.0887667,OFFR1,SPGR,10,91.34285714285713,159.4919270384961,41877.88035714285,134801.39676963293,12.857142857142856,269.47619047619054,7,17.98319942453762
SEFCRI,NCRMP,2018,Broward-Miami,NA,0,3243,25.809138,-80.08841,OFFR0,LIRO,10,12.95,19.536779314511527,40.01,157.8494151804435,6,2.6666666666666665,4,22.859999268480024
SEFCRI,NCRMP,2018,Broward-Miami,NA,0,3263,25.9626167,-80.0889167,NEAR1,APRD,10,23.655,30.18219692089445,83.55449999999999,190.3542119146828,15.2,209.2,5,21.031199327001623
SEFCRI,NCRMP,2018,Broward-Miami,NA,0,3266,26.1414333,-80.0773667,OFFR1,APRD,10,480.75,483.22031064571445,1447138.077,1347171.5325652196,31.875,1632.1166666666666,14,24.383999219712024
SEFCRI,NCRMP,2018,Broward-Miami,NA,0,3272,25.771581,-80.08817,OFFR0,LIRO,10,31.381944444444443,47.3829621146898,669.6699857026146,1779.5663089106995,8.88888888888889,14.457516339869278,17,16.763999463552018
SEFCRI,NCRMP,2018,Broward-Miami,NA,0,3278,25.7704333,-80.0876333,NEAR0,APRD,10,17.97222222222222,19.92947839621025,126.77069444444443,177.00122402450612,7,3.5,9,18.89759939527682
SEFCRI,NCRMP,2018,Broward-Miami,NA,0,3901,25.97665,-80.0998,INNR0,LIRI,10,36.75394736842105,54.07690262362575,2214.400501608187,3981.715279454067,8.842105263157894,25.807017543859654,18,10.36319966837761
SEFCRI,NCRMP,2018,Broward-Miami,NA,0,3903,26.2100667,-80.0788333,NEAR0,CPSH,10,26.40375,33.61831388575827,704.8966839285713,834.4019602501465,10,57.142857142857146,8,13.715999561088013
SEFCRI,NCRMP,2018,Broward-Miami,NA,0,3904,26.0107667,-80.1013167,INNR1,LIRI,10,56.27578947368421,79.89738395463488,13315.165036842105,22881.710488052533,11,49.888888888888886,19,9.143999707392009
SEFCRI,NCRMP,2018,Broward-Miami,NA,0,3905,26.1725833,-80.0886667,NEAR1,RGSH,10,64.87843749999999,80.26462433764343,15434.832952395833,34250.00782873851,10.4375,93.19583333333334,16,5.486399824435206
SEFCRI,NCRMP,2018,Deerfield,NA,0,3103,26.31625,-80.06525,MIDR0,LIRM,10,22.645714285714284,27.409460904757374,615.983134065934,946.7613282347908,7.642857142857143,15.016483516483515,14,17.068799453798416
SEFCRI,NCRMP,2018,Deerfield,NA,0,3122,26.2636667,-80.0705,MIDR1,LIRM,10,27.49764705882353,37.54241720949773,3010.066844117647,5759.998649026895,7.529411764705882,35.639705882352935,13,19.20239938552322
SEFCRI,NCRMP,2018,Deerfield,NA,0,3213,26.3774833,-80.0539167,OFFR0,LIRO,10,21.923,31.134274027857344,898.3766135714285,2061.1812276505566,8.4,28.400000000000002,15,19.81199936601602
SEFCRI,NCRMP,2018,Deerfield,NA,0,3245,26.2818667,-80.0620667,OFFR1,LIRO,10,56.419375,79.49088442823393,2580.474860267857,5505.090257574261,19,447.42857142857144,8,16.763999463552018
SEFCRI,NCRMP,2018,Deerfield,NA,0,3246,26.33585,-80.0586833,OFFR1,CPDP,10,85.58928571428571,118.75640979585525,5396.097470238095,9458.16316402488,16.285714285714285,98.90476190476191,7,19.81199936601602
SEFCRI,NCRMP,2018,Deerfield,NA,0,3247,26.29145,-80.0618333,OFFR1,LIRO,10,53.79375,81.62332225416668,1855.8003124999998,7335.894655397672,11,16,7,15.239999512320015
SEFCRI,NCRMP,2018,Deerfield,NA,0,3258,26.3045333,-80.0593667,OFFR1,LIRO,10,35.43884615384615,44.98997306310326,2051.273242307692,3156.296721747236,8.307692307692308,24.73076923076923,13,22.859999268480024
SEFCRI,NCRMP,2018,Deerfield,NA,0,3268,26.2696,-80.0617667,OFFR1,APRD,10,281.25,454.7782615305974,170923.0625,550918.3458640974,20.6,366.8,5,25.907999170944027
SEFCRI,NCRMP,2018,North Palm Beach,NA,0,3001,26.89381,-80.00212,DPRC0,DPRC,10,84.36,113.38531485581161,8895.528,16751.85775115954,14.4,54.8,5,25.298399190451224
SEFCRI,NCRMP,2018,North Palm Beach,NA,0,3002,26.94493,-80.01036,DPRC0,DPRC,10,9.455,13.243776530289471,28.73247222222222,71.57511028990774,5.2,2.4000000000000004,8,23.164799258726426
SEFCRI,NCRMP,2018,North Palm Beach,NA,0,3006,26.93368,-80.01308,DPRC0,DPRC,10,19.195000000000004,24.64132196120369,265.2818934782609,641.3782522314331,8.125,16.809782608695652,23,23.469599248972823
SEFCRI,NCRMP,2018,North Palm Beach,NA,0,3008,26.85591,-80.00946,DPRC0,DPRC,10,153.5,265.7263786161367,41184.5,127650.310533395,19,392,2,23.164799258726426
SEFCRI,NCRMP,2018,North Palm Beach,NA,0,3016,26.72454,-80.01262,DPRC0,DPRC,10,108.72857142857143,143.67176403291893,11237.785714285716,14667.65779034036,15.428571428571429,79.61904761904763,7,25.298399190451224
SEFCRI,NCRMP,2018,North Palm Beach,NA,0,3018,26.90501,-80.01283,DPRC0,DPRC,10,35.325,57.82493978013713,464.07431818181817,1477.5312609178015,9.916666666666666,13.719696969696969,12,24.688799209958425
SEFCRI,NCRMP,2018,North Palm Beach,NA,0,3024,26.82249,-80.01122,DPRC0,DPRC,10,8,10.471975511965976,NA,NA,4,NA,1,26.21279916119043
SEFCRI,NCRMP,2018,North Palm Beach,NA,0,3025,26.9116,-80.00083,DPRC0,DPRC,10,8,13.089969389957473,NA,NA,4,NA,1,29.26079906365443
SEFCRI,NCRMP,2018,North Palm Beach,NA,0,3033,26.92659,-80.03072,DPRC0,DPRC,10,10.125,18.015070372928967,34.03125,77.72795380135267,5,2,2,24.383999219712024
SEFCRI,NCRMP,2018,North Palm Beach,NA,0,3039,26.93588,-80.01426,DPRC0,DPRC,10,93.95833333333334,147.7912085665323,31090.46041666666,79566.23633846178,12.5,159.1,5,22.555199278233623
SEFCRI,NCRMP,2018,North Palm Beach,NA,0,3043,26.90096,-80.01666,DPRC1,DPRC,10,1241.6666666666667,1160.4257864197298,1149822.3333333335,994435.037643424,48.666666666666664,1577.3333333333333,3,21.640799307494422
SEFCRI,NCRMP,2018,North Palm Beach,NA,0,3046,26.77813,-80.01407,DPRC1,DPRC,10,12.125,19.71676639362344,26.395833333333332,152.5258687961319,5.5,1.6666666666666667,4,23.469599248972823
SEFCRI,NCRMP,2018,North Palm Beach,NA,0,3047,26.8398,-80.01633,DPRC1,DPRC,10,32.47222222222222,39.02265319250655,1407.8271977124184,2237.208411143247,10.555555555555555,50.37908496732025,16,24.079199229465626
SEFCRI,NCRMP,2018,North Palm Beach,NA,0,3048,26.7496,-80.01584,DPRC1,DPRC,10,35.376,52.39129348636578,1014.17663,2239.7856062728747,9.4,17.8,5,24.079199229465626
SEFCRI,NCRMP,2018,North Palm Beach,NA,0,3049,26.83346,-80.01705,DPRC1,DPRC,10,6.15,11.388273369263,0.04500000000000021,0.30842513753404033,5.5,4.5,2,22.555199278233623
SEFCRI,NCRMP,2018,North Palm Beach,NA,0,3050,26.81686,-80.00383,DPRC1,DPRC,10,28.2,41.0588706531666,480.64,1168.4286525113725,8.666666666666666,23.066666666666666,6,27.12719913192963
SEFCRI,NCRMP,2018,North Palm Beach,NA,0,3262,26.82563,-80.01651,DPRC0,DPRC,10,21,31.08867730114899,450,961.4725294377196,6.5,12.5,2,25.603199180697626
SEFCRI,NCRMP,2018,North Palm Beach,NA,0,3285,26.72299,-80.01913,NEAR1,PTCH,10,29.455882352941178,58.02205931918589,3568.9827757352946,21786.7512814925,8.294117647058822,53.09558823529412,16,18.89759939527682
SEFCRI,NCRMP,2018,North Palm Beach,NA,0,3545,26.74408,-80.013,DPRC1,DPRC,10,35.57987179487179,43.19161265306756,891.2332782726044,1280.081235207757,12.35897435897436,60.81511470985157,38,27.73679911242243
SEFCRI,NCRMP,2018,South Palm Beach,NA,0,3219,26.69196,-80.01848,OFFR0,LIRO,10,64.01944444444445,93.54176968457803,3591.8918910256416,9176.957942152843,15.074074074074073,98.07122507122503,27,16.763999463552018
SEFCRI,NCRMP,2018,South Palm Beach,NA,0,3222,26.68975,-80.01574,OFFR1,SPGR,10,44.828125,64.1510765493775,6287.958113839285,14840.869072518622,12.375,103.125,8,26.21279916119043
SEFCRI,NCRMP,2018,South Palm Beach,NA,0,3248,26.58626,-80.02315,OFFR1,RGDP,10,36.75,35.50654197025964,325.125,33.466269263676466,9.5,4.5,2,27.431999122176027
SEFCRI,NCRMP,2018,South Palm Beach,NA,0,3250,26.5291667,-80.0297833,OFFR1,RGDP,10,77.41333333333333,86.01091636906305,6734.089538235295,6801.01364472257,13.61111111111111,51.89869281045752,18,26.822399141683228
SEFCRI,NCRMP,2018,South Palm Beach,NA,0,3252,26.5254167,-80.0316333,OFFR1,LIRO,10,20.714285714285715,27.741385128574155,242.88809523809525,517.0125276876291,10.857142857142858,47.47619047619048,7,21.33599931724802
SEFCRI,NCRMP,2018,South Palm Beach,NA,0,3253,26.49137,-80.03738,OFFR1,LIRO,10,61.75386363636363,100.45406134470738,1898.4264474567099,7203.685715769354,14.363636363636363,36.05194805194805,21,21.945599297740824
SEFCRI,NCRMP,2018,South Palm Beach,NA,0,3254,26.5244,-80.0326833,OFFR1,LIRO,10,1181.25,2761.165418194154,NA,NA,135,NA,1,14.630399531827216
SEFCRI,NCRMP,2018,South Palm Beach,NA,0,3997,26.52479,-80.03232,OFFR1,LIRO,10,64.42142857142858,89.36241603179894,13424.111547619048,25873.90569976803,12.285714285714286,135.23809523809524,7,19.20239938552322
SEFCRI,NCRMP,2018,South Palm Beach,NA,0,3998,26.52624,-80.03143,OFFR1,LIRO,10,45.19852941176471,58.49002572487688,2191.3263648897064,3743.7770987470208,10.235294117647058,31.56617647058824,16,18.59279940503042
SEFCRI,NCRMP,2018,South Palm Beach,NA,0,3999,26.52958,-80.02894,OFFR1,RGDP,10,46.75714285714285,70.55026002280293,3645.7295238095244,11202.579445357957,9.857142857142858,43.80952380952382,7,27.12719913192963
SEFCRI,NCRMP,2020,Broward-Miami,NA,0,3084,26.07834,-80.09742,INNR0,LIRI,10,16.625,23.098341819362453,376.64375,856.5696080207232,6.333333333333333,14.666666666666668,6,10.3631996683776
SEFCRI,NCRMP,2020,Broward-Miami,NA,0,3085,26.14122,-80.08893,INNR0,LIRI,10,14.006666666666666,16.504269739171377,96.5220952380952,195.95883926345473,5.933333333333334,4.2095238095238106,13,12.4967996001024
SEFCRI,NCRMP,2020,Broward-Miami,NA,0,3090,25.98841,-80.10001,INNR0,LIRI,10,53.170833333333334,76.60631877776986,6456.275104166665,14552.809911232955,9.166666666666666,42.266666666666666,6,10.9727996488704
SEFCRI,NCRMP,2020,Broward-Miami,NA,0,3093,26.00162,-80.10095,INNR0,LIRI,10,21.716666666666665,32.95399793921793,427.90166666666664,1212.6226905634437,7.833333333333334,34.96666666666666,6,10.3631996683776
SEFCRI,NCRMP,2020,Broward-Miami,NA,0,3095,26.17329,-80.08719,INNR0,LIRI,10,20.391176470588235,36.923338657172685,334.6575735294118,2372.0725346421686,9.117647058823529,49.36029411764706,14,7.61999975616001
SEFCRI,NCRMP,2020,Broward-Miami,NA,0,3099,26.05179,-80.09861,INNR1,LIRI,10,599.7903846153845,773.360426162299,2177035.1196133816,3419308.490299625,21.692307692307693,1321.4391025641025,13,7.31519976591361
SEFCRI,NCRMP,2020,Broward-Miami,NA,0,3101,25.93218,-80.10018,INNR1,LIRI,10,20.99578947368421,28.78587610715253,201.10761461988304,497.15552566967693,7.157894736842105,5.2514619883040945,17,9.75359968788481
SEFCRI,NCRMP,2020,Broward-Miami,NA,0,3103,26.16443,-80.08821,INNR0,LIRI,10,12.880952380952381,14.414549625846025,135.64761904761906,134.49131063422274,5.666666666666667,4.833333333333331,12,8.22959973665281
SEFCRI,NCRMP,2020,Broward-Miami,NA,0,3104,26.13356,-80.09121,INNR1,LIRI,10,23.94,28.31360379047801,573.4858333333333,710.5747486039359,7.32,11.976666666666668,20,7.61999975616001
SEFCRI,NCRMP,2020,Broward-Miami,NA,0,3105,26.02155,-80.09907,INNR0,LIRI,10,25.853571428571428,31.79226315585921,1273.4834226190476,2426.1482564499292,7,22.666666666666668,6,10.667999658624
SEFCRI,NCRMP,2020,Broward-Miami,NA,0,3110,25.98065,-80.10263,INNR1,LIRI,10,208.63250000000005,331.54438095501655,242969.6686028846,581990.7009045898,18.5,281.8076923076923,14,11.5823996293632
SEFCRI,NCRMP,2020,Broward-Miami,NA,0,3112,25.82567,-80.09768,INNR1,LIRI,10,29.468684210526316,37.04581902865503,448.58244400584783,569.6011232613307,8,6.111111111111111,19,13.4111995708416
SEFCRI,NCRMP,2020,Broward-Miami,NA,0,3114,26.05727,-80.09356,MIDR0,LIRM,10,48.875,53.99612373357458,6588.267857142857,5689.2810736909505,9.5,59.42857142857143,8,13.1063995805952
SEFCRI,NCRMP,2020,Broward-Miami,NA,0,3116,26.00836,-80.09753,MIDR0,LIRM,10,7.375,22.007511036866,42.78125,177.0365644048486,9.5,4.5,2,12.8015995903488
SEFCRI,NCRMP,2020,Broward-Miami,NA,0,3118,26.00913,-80.09522,MIDR1,LIRM,10,25.559166666666666,32.20223372494746,390.74833602941175,549.7075359971558,8,7.176470588235294,17,16.4591994733056
SEFCRI,NCRMP,2020,Broward-Miami,NA,0,3121,25.90806,-80.09175,MIDR1,LIRM,10,108.4,168.6017807356954,40887.44350000001,155485.33402839195,16.09090909090909,227.49090909090904,11,20.4215993465088
SEFCRI,NCRMP,2020,Broward-Miami,NA,0,3125,25.85675,-80.09213,MIDR1,LIRM,10,62.68636363636363,85.48583009694316,4958.135920454545,8870.208690723985,12.363636363636363,64.85454545454544,11,18.8975993952768
SEFCRI,NCRMP,2020,Broward-Miami,NA,0,3126,26.2193,-80.07658,MIDR1,LIRM,10,46.20833333333333,67.79331508085058,5296.9478125000005,11718.303589673893,10.988888888888889,69.23861111111111,9,16.763999463552
SEFCRI,NCRMP,2020,Broward-Miami,NA,0,3128,26.03687,-80.09375,MIDR1,LIRM,10,24.56590909090909,28.971969750932008,534.6845340909091,816.0827547726831,7.7727272727272725,13.368181818181819,11,17.9831994245376
SEFCRI,NCRMP,2020,Broward-Miami,NA,0,3130,26.25674,-80.07183,MIDR0,LIRM,10,41.17499999999999,57.470419775825775,7570.149107142858,15639.720730248357,10.166666666666668,169.5238095238095,15,13.1063995805952
SEFCRI,NCRMP,2020,Broward-Miami,NA,0,3133,25.85365,-80.1076,NEAR0,RGSH,10,406.05,767.1289294521976,18302.831099999996,91445.20314499387,34,7,3,6.40079979517441
SEFCRI,NCRMP,2020,Broward-Miami,NA,0,3135,26.07607,-80.10823,NEAR0,CPSH,10,9.108333333333334,11.884601375298887,27.500416666666666,63.943563389521614,5.166666666666667,1.3666666666666665,6,4.2671998634496
SEFCRI,NCRMP,2020,Broward-Miami,NA,0,3137,25.95019,-80.10929,NEAR0,RGSH,10,7.5,8.672104720846825,13.166666666666666,17.74158487898369,4.5,0.3333333333333333,4,6.40079979517441
SEFCRI,NCRMP,2020,Broward-Miami,NA,0,3138,25.95143,-80.11022,NEAR0,RGSH,10,179.89375,313.6479384296841,33713.42012861842,103843.88906688408,26,142.6315789473684,19,6.70559978542081
SEFCRI,NCRMP,2020,Broward-Miami,NA,0,3143,26.14837,-80.09889,NEAR0,CPSH,10,9.05,12.026409377023427,28.94333333333333,96.90939144913676,5.75,4.916666666666667,4,5.48639982443521
SEFCRI,NCRMP,2020,Broward-Miami,NA,0,3148,25.88483,-80.10883,NEAR0,RGSH,10,43.696666666666665,70.89091089287967,5013.335466666666,13935.156643822851,10.166666666666668,130.16666666666669,5,5.79119981468161
SEFCRI,NCRMP,2020,Broward-Miami,NA,0,3150,26.13532,-80.09395,NEAR0,CPSH,10,114.11076923076921,146.26631104266247,54333.86292435896,90039.69968980177,13.076923076923077,140.91025641025644,12,4.571999853696
SEFCRI,NCRMP,2020,Broward-Miami,NA,0,3152,25.79497,-80.1125,NEAR0,RGSH,10,13.878333333333334,18.478673455489965,44.98017878787878,101.05077128146071,6.75,6.204545454545454,12,5.79119981468161
SEFCRI,NCRMP,2020,Broward-Miami,NA,0,3153,25.8648,-80.11048,NEAR0,RGSH,10,55.60875,101.13883036841955,10330.081469642859,43223.34269028447,10.375,77.41071428571429,8,6.09599980492801
SEFCRI,NCRMP,2020,Broward-Miami,NA,0,3155,26.13231,-80.097,NEAR0,CPSH,10,1696.375,2016.1334479029872,7678547.5625,10074988.522288958,47.5,2692.3333333333335,4,7.31519976591361
SEFCRI,NCRMP,2020,Broward-Miami,NA,0,3157,26.24319,-80.07852,NEAR0,CPSH,10,67.92,81.83848862601411,7792.475749999999,8969.362507540895,13,94,5,9.44879969763841
SEFCRI,NCRMP,2020,Broward-Miami,NA,0,3159,25.90523,-80.10944,NEAR0,RGSH,10,544.0625,722.6890287886832,292016.015625,411354.05552069034,37.5,241.66666666666666,4,6.09599980492801
SEFCRI,NCRMP,2020,Broward-Miami,NA,0,3164,26.05764,-80.10406,NEAR0,CPSH,10,31.890625,34.35503372548683,1974.640345982143,1755.8029547479525,7.6875,28.066964285714285,8,7.92479974640641
SEFCRI,NCRMP,2020,Broward-Miami,NA,0,3166,25.78772,-80.10754,NEAR0,RGSH,10,16.95,15.969762655748115,474.80999999999995,248.12802314613714,6.25,10.25,3,8.53439972689921
SEFCRI,NCRMP,2020,Broward-Miami,NA,0,3169,25.99273,-80.11152,NEAR0,CPSH,10,282.93333333333334,414.9302130460019,225783.09333333338,491725.3338539829,18,436,3,7.92479974640641
SEFCRI,NCRMP,2020,Broward-Miami,NA,0,3172,26.11545,-80.10254,NEAR0,CPSH,20,7.285714285714286,8.863779272628346,14.238095238095235,20.70283337209328,4.857142857142857,1.4761904761904763,7,4.72439984881921
SEFCRI,NCRMP,2020,Broward-Miami,NA,0,3174,25.79528,-80.09958,NEAR0,RGSH,10,122.5,193.284306350547,20631.551999999996,70249.5269231842,18.833333333333332,108.16666666666667,6,10.3631996683776
SEFCRI,NCRMP,2020,Broward-Miami,NA,0,3177,26.08596,-80.104,NEAR0,RGSH,10,49.37285714285714,62.8009981439481,1828.7064904761908,2224.1017398744893,10.571428571428571,33.95238095238095,7,4.571999853696
SEFCRI,NCRMP,2020,Broward-Miami,NA,0,3178,25.8929,-80.11713,NEAR0,CPSH,10,5,6.544984694978736,NA,NA,5,NA,1,6.40079979517441
SEFCRI,NCRMP,2020,Broward-Miami,NA,0,3180,26.15339,-80.09636,NEAR0,CPSH,10,144.82888888888888,228.0556283734041,45739.18615457518,105711.46774693349,22.388888888888893,440.7222222222223,18,4.571999853696
SEFCRI,NCRMP,2020,Broward-Miami,NA,0,3184,26.21691,-80.08631,NEAR0,RGSH,10,9.9,14.23534171157875,0.019999999999999858,0.48191427739694154,6,2,2,4.2671998634496
SEFCRI,NCRMP,2020,Broward-Miami,NA,0,3203,26.18526,-80.08789,NEAR1,RGSH,10,18.26,20.847561249333175,226.35879999999992,336.3195275523541,8.454545454545455,11.872727272727271,10,4.571999853696
SEFCRI,NCRMP,2020,Broward-Miami,NA,0,3204,26.15201,-80.09575,NEAR1,CPSH,10,722.0249999999999,1074.7682992241957,558711.3118055556,1241541.267169013,39.8,933.2888888888889,10,7.61999975616001
SEFCRI,NCRMP,2020,Broward-Miami,NA,0,3213,25.77608,-80.0894,OFFR1,LIRO,10,7.88,10.35416578745636,0.02880000000000005,14.969242702916123,4,0,2,12.4967996001024
SEFCRI,NCRMP,2020,Broward-Miami,NA,0,3231,26.03181,-80.08541,OFFR0,RGDP,10,84.433,83.95448217790074,10336.568223333334,9243.163075687953,13.6,78.71111111111111,10,26.5175991514368
SEFCRI,NCRMP,2020,Broward-Miami,NA,0,3258,26.21614,-80.06993,OFFR1,SPGR,10,52.225,72.40389318820226,2399.56375,4931.800945517112,10.333333333333334,24.666666666666668,6,18.8975993952768
SEFCRI,NCRMP,2020,Broward-Miami,NA,0,3259,26.14554,-80.07872,OFFR1,LIRO,10,14.421875,18.46571983994782,117.73659446022727,179.0580665111632,5.875,2.914772727272727,11,19.2023993855232
SEFCRI,NCRMP,2020,Broward-Miami,NA,0,3268,26.02858,-80.08759,OFFR1,LIRO,10,84.49176470588235,111.44568939149967,18621.686215441183,38523.43125524707,13.235294117647058,119.44117647058825,16,14.3255995415808
SEFCRI,NCRMP,2020,Broward-Miami,NA,0,3270,25.88355,-80.08812,OFFR1,SPGR,10,104.4,114.88629801252674,37835.69529411767,38990.999550935965,20.77777777777778,639.9477124183005,17,21.335999317248
SEFCRI,NCRMP,2020,Broward-Miami,NA,0,3280,26.23015,-80.07005,PTSH2,PTCH,10,19,21.925698728178766,2,36.197116835592496,8.5,0.5,2,17.9831994245376
SEFCRI,NCRMP,2020,Broward-Miami,NA,0,3305,26.0979,-80.08206,PTDP1,APRD,10,43.715384615384615,43.04082627490247,1976.4864102564104,1665.3412006010265,9.384615384615385,20.923076923076923,13,25.907999170944
SEFCRI,NCRMP,2020,Broward-Miami,NA,0,3306,26.02572,-80.08653,OFFR1,SPGR,10,119.24,127.70574136842508,11958.062999999998,15443.316556295995,15.8,74.2,5,21.6407993074944
SEFCRI,NCRMP,2020,Broward-Miami,NA,0,3315,26.19731,-80.07003,OFFR1,SPGR,10,98.65714285714286,126.95400312631611,12053.234732142859,22390.648719553647,17.142857142857142,108.5595238095238,7,25.6031991806976
SEFCRI,NCRMP,2020,Broward-Miami,NA,0,3316,26.07656,-80.08384,PTDP1,APRD,10,42.13815789473684,42.870510934307426,1701.079053362573,1791.3911615932464,10.236842105263158,41.843567251461984,18,25.6031991806976
SEFCRI,NCRMP,2020,Broward-Miami,NA,0,3324,26.17361,-80.08176,MIDR0,LIRM,10,43.05,71.24215840484354,3018.6450000000004,8405.358202487727,10.5,24.5,2,13.4111995708416
SEFCRI,NCRMP,2020,Broward-Miami,NA,0,3325,25.77732,-80.09512,PTSH2,APRS,10,73.1953125,80.46956417090496,38146.90218489584,38515.0097239148,10.5,146.93333333333334,15,13.715999561088
SEFCRI,NCRMP,2020,Deerfield,NA,0,3123,26.32118,-80.06665,MIDR0,LIRM,10,28.045454545454547,35.19416770072657,779.5227272727274,2036.6631984423634,7.7272727272727275,11.618181818181819,10,12.4967996001024
SEFCRI,NCRMP,2020,Deerfield,NA,0,3124,26.29147,-80.06867,MIDR0,LIRM,10,57.152777777777786,79.25176523045417,5950.710694444446,9959.352354800572,18.888888888888893,509.6111111111111,9,13.1063995805952
SEFCRI,NCRMP,2020,Deerfield,NA,0,3131,26.26898,-80.06989,MIDR1,LIRM,10,14.76,17.854718247901992,299.063,439.9200530804486,6.6,13.3,5,19.2023993855232
SEFCRI,NCRMP,2020,Deerfield,NA,0,3132,26.27364,-80.07076,MIDR1,LIRM,10,37.0385,42.60785036431157,2223.214223947368,3116.9745384247785,10.35,42.44999999999999,19,10.9727996488704
SEFCRI,NCRMP,2020,Deerfield,NA,0,3190,26.31358,-80.07333,NEAR0,RGSH,10,13.2,14.398966328953218,64.97999999999999,77.32046850679811,6,2,2,2.7431999122176
SEFCRI,NCRMP,2020,Deerfield,NA,0,3235,26.35883,-80.05502,OFFR0,LIRO,10,31.95,44.85397011190655,978.7554999999999,2541.2796883317583,8.454545454545455,15.672727272727276,11,16.4591994733056
SEFCRI,NCRMP,2020,Deerfield,NA,0,3237,26.348993,-80.054827,OFFR1,SPGR,10,112.36517857142857,113.1785634642863,24476.54468563988,25732.49441803995,12.857142857142858,97.30952380952381,7,25.2983991904512
SEFCRI,NCRMP,2020,Deerfield,NA,0,3282,26.38062,-80.05294,OFFR1,SPGR,10,26.486607142857142,27.240576924681584,565.5674150068683,541.3921952517802,7.607142857142857,12.622252747252746,14,17.6783994342912
SEFCRI,NCRMP,2020,Deerfield,NA,0,3288,26.36341,-80.05502,OFFR1,LIRO,10,27.861805555555556,37.61320891895593,379.8366840277778,987.3737485343422,8.5,6.5,9,16.4591994733056
SEFCRI,NCRMP,2020,Deerfield,NA,0,3307,26.31061,-80.05805,PTDP1,APRD,10,153.30178571428573,203.12476875593202,54828.690647321426,98671.93340294028,15.142857142857142,147.05952380952382,7,23.7743992392192
SEFCRI,NCRMP,2020,Deerfield,NA,0,3308,26.2962,-80.05993,PTDP1,APRD,10,40.58,54.932056544956524,1088.420111111111,2602.859516818417,10.3,15.344444444444443,9,25.2983991904512
SEFCRI,NCRMP,2020,Deerfield,NA,0,3317,26.32301,-80.05749,PTDP1,APRD,10,28.893333333333334,39.787398293088735,578.2593273809523,2206.516960518067,9,20.571428571428573,15,24.0791992294656
SEFCRI,NCRMP,2020,Deerfield,NA,0,3318,26.29707,-80.06017,OFFR1,SPGR,10,27.359375,33.67599156338277,507.72963169642856,1303.7615872277254,9.25,30.214285714285715,8,21.9455992977408
SEFCRI,NCRMP,2020,North Palm Beach,NA,0,3005,26.86143,-80.00924,DPRC0,DPRC,10,34.2,44.76769531365455,NA,NA,9,NA,1,23.7743992392192
SEFCRI,NCRMP,2020,North Palm Beach,NA,0,3011,26.91531,-80.00703,DPRC0,DPRC,10,40.00666666666667,50.6625448622654,576.4801333333332,741.5808847485905,10.666666666666666,1.3333333333333335,3,24.0791992294656
SEFCRI,NCRMP,2020,North Palm Beach,NA,0,3016,26.88369,-80.02863,DPRC0,DPRC,10,19.881666666666668,31.1181297322764,432.2180166666667,747.602721351115,6.333333333333333,8.266666666666667,6,25.6031991806976
SEFCRI,NCRMP,2020,North Palm Beach,NA,0,3067,26.87656,-80.00983,DPRC0,DPRC,10,114.9265625,134.14457459288215,17907.384573102678,27152.164278654625,14.625,97.19642857142857,8,24.0791992294656
SEFCRI,NCRMP,2020,North Palm Beach,NA,0,3073,26.78235,-80.01356,DPRC0,DPRC,10,6.75,10.30835089459151,NA,NA,4.5,NA,1,22.85999926848
SEFCRI,NCRMP,2020,North Palm Beach,NA,0,3193,26.73171,-80.03352,NEAR0,RGSH,10,7.066666666666666,7.264933011426397,4.013333333333334,2.1975291049300534,4.166666666666667,0.08333333333333333,3,2.4383999219712
SEFCRI,NCRMP,2020,North Palm Beach,NA,0,3206,26.71745,-80.03094,NEAR1,RGSH,10,5.333333333333333,6.021385919380437,2.1733333333333333,1.7648771758892423,4,0,3,3.6575998829568
SEFCRI,NCRMP,2020,North Palm Beach,NA,0,3208,26.72291,-80.02946,NEAR1,CPSH,10,5.94,9.071348787240527,NA,NA,4,NA,1,9.75359968788481
SEFCRI,NCRMP,2020,North Palm Beach,NA,0,3303,26.73196,-80.01552,OFFR1,CPDP,10,55.06071428571428,77.07981725385777,3952.3620535714285,6256.652412827771,16.285714285714285,389.9047619047619,7,23.1647992587264
SEFCRI,NCRMP,2020,North Palm Beach,NA,0,3311,26.72369,-80.01758,PTDP0,PTCH,10,12.614285714285714,15.249814339300453,50.07142857142856,87.63557588432553,5.571428571428571,2.9523809523809526,7,20.4215993465088
SEFCRI,NCRMP,2020,North Palm Beach,NA,0,3321,26.82497,-80.01673,PTDP1,PTCH,10,11.25,13.989904785517046,44.916666666666664,43.363360627254394,5,2,4,25.907999170944
SEFCRI,NCRMP,2020,North Palm Beach,NA,0,3329,26.72553,-80.01795,PTSH2,PTCH,10,13.205833333333334,17.955620095282914,61.11895833333333,138.12094446683363,5.75,1.8409090909090908,12,20.1167993562624
SEFCRI,NCRMP,2020,North Palm Beach,NA,0,3330,26.72276,-80.01919,PTSH2,PTCH,10,9.379999999999999,15.027284859671177,24.499999999999993,73.14610561757347,5.5,4.5,2,18.287999414784
SEFCRI,NCRMP,2020,South Palm Beach,NA,0,3191,26.71091,-80.02969,NEAR0,RGSH,10,6.816,8.408996336108679,4.657279999999999,10.868353535344042,4,0,4,3.6575998829568
SEFCRI,NCRMP,2020,South Palm Beach,NA,0,3248,26.46152,-80.04512,OFFR0,LIRO,10,53.6765625,66.32421599888217,4968.834573102678,10045.855357970704,10.5,32.357142857142854,8,18.8975993952768
SEFCRI,NCRMP,2020,South Palm Beach,NA,0,3252,26.41209,-80.05093,OFFR0,LIRO,10,95.47857142857143,135.64480780343428,15164.168214285712,26764.333457503715,12.857142857142858,76.47619047619047,7,17.6783994342912
SEFCRI,NCRMP,2020,South Palm Beach,NA,0,3297,26.64608,-80.01903,OFFR1,LIRO,10,11.416666666666666,16.58106422625913,74.24416666666669,210.05840956811366,5.266666666666667,2.923809523809524,14,21.335999317248
SEFCRI,NCRMP,2020,South Palm Beach,NA,0,3299,26.52201,-80.03192,OFFR1,LIRO,10,37.019,54.20065450529265,1833.15147,4497.624800526835,9.4,31.410526315789472,19,20.7263993367552
SEFCRI,NCRMP,2020,South Palm Beach,NA,0,3320,26.43035,-80.04685,OFFR1,SPGR,10,61.2,86.77340708602807,4412.655,10384.977237121537,12.6,25.3,5,26.8223991416832
SEFCRI,NCRMP,2020,South Palm Beach,NA,0,3327,26.57178,-80.02628,PTSH2,APRD,10,7.275,15.397076494937476,3.251250000000002,156.71905846979348,5,2,2,4.571999853696
SEFCRI,NCRMP,2020,South Palm Beach,NA,0,3328,26.52596,-80.03536,PTSH2,PTCH,10,16.72,19.949113350295185,229.83680000000004,359.34133001655107,6,8,2,16.4591994733056
SEFCRI,NCRMP,2022,Broward-Miami,NA,0,3039,25.94568,-80.10238,INNR0,LIRI,10,47,54.862371707909986,5250.1875,7324.172559960201,9.058823529411764,43.558823529411754,13,8.22959973665281
SEFCRI,NCRMP,2022,Broward-Miami,NA,0,3047,25.94491,-80.10333,INNR0,LIRI,10,151.4,150.6655476784105,47551.925,38013.96578899744,16.6,200.3,5,8.53439972689921
SEFCRI,NCRMP,2022,Broward-Miami,NA,0,3050,26.10573,-80.09266,INNR0,LIRI,10,12,18.06415775814131,28,120.14872579937253,6,7,3,12.4967996001024
SEFCRI,NCRMP,2022,Broward-Miami,NA,0,3053,26.11593,-80.09192,INNR1,LIRI,10,27.825,30.998683761593036,465.547857142857,657.6590055610468,8.25,12.214285714285714,8,9.75359968788481
SEFCRI,NCRMP,2022,Broward-Miami,NA,0,3057,25.86087,-80.0996,INNR1,LIRI,10,26.008157894736843,33.20908010588276,839.868617251462,1614.1695488069593,7.7894736842105265,10.619883040935674,18,10.0583996781312
SEFCRI,NCRMP,2022,Broward-Miami,NA,0,3058,26.004,-80.10053,INNR1,LIRI,10,14.852941176470589,17.690708631427817,157.21139705882356,170.91184340878092,6.235294117647059,3.566176470588236,15,9.75359968788481
SEFCRI,NCRMP,2022,Broward-Miami,NA,0,3060,26.17592,-80.08735,INNR1,LIRI,10,27.136904761904763,37.357058476280415,333.86547619047616,932.7266079713354,7.904761904761905,9.19047619047619,18,6.09599980492801
SEFCRI,NCRMP,2022,Broward-Miami,NA,0,3063,26.02731,-80.09976,INNR1,LIRI,10,33.55596153846154,36.77689832653696,895.6773240384613,933.4787262255429,8.615384615384615,15.10615384615385,23,6.70559978542081
SEFCRI,NCRMP,2022,Broward-Miami,NA,0,3064,26.12073,-80.0934,INNR1,LIRI,10,78.012,121.2144255479452,18592.546374285717,57602.78804970325,11.2,71.88571428571429,15,7.92479974640641
SEFCRI,NCRMP,2022,Broward-Miami,NA,0,3065,25.86444,-80.09903,INNR1,LIRI,10,24.55,31.186852071573675,162.9138888888889,336.84142113531726,7.7,4.011111111111112,10,14.6303995318272
SEFCRI,NCRMP,2022,Broward-Miami,NA,0,3066,25.88817,-80.10082,INNR1,LIRI,10,38.421052631578945,64.38198102586978,2295.979532163743,9160.307999778684,9.105263157894736,30.76608187134503,17,10.3631996683776
SEFCRI,NCRMP,2022,Broward-Miami,NA,0,3071,25.98997,-80.10258,INNR1,LIRI,10,46.685,62.34752420436744,3967.4305526315784,7661.134162407955,10.475,65.30197368421052,18,10.0583996781312
SEFCRI,NCRMP,2022,Broward-Miami,NA,0,3074,25.89657,-80.10129,INNR1,LIRI,10,35.18120689655173,53.76490522253989,3420.704995812808,11363.469981561877,8.310344827586206,43.63238916256157,27,11.5823996293632
SEFCRI,NCRMP,2022,Broward-Miami,NA,0,3075,25.85495,-80.10561,INNR1,LIRI,10,200.3684210526316,302.2477376869967,55089.30508070176,93841.94400805478,20.94736842105263,112.60818713450288,19,5.79119981468161
SEFCRI,NCRMP,2022,Broward-Miami,NA,0,3076,25.88884,-80.10183,INNR1,LIRI,10,27.233870967741936,33.82595880341994,540.8862311827957,886.3319233002628,8.580645161290322,11.251612903225812,22,9.75359968788481
SEFCRI,NCRMP,2022,Broward-Miami,NA,0,3078,26.00755,-80.10138,INNR1,LIRI,10,59.09,65.55129421255953,4059.3977894736836,4480.440332037624,10.9,33.463157894736845,17,9.44879969763841
SEFCRI,NCRMP,2022,Broward-Miami,NA,0,3085,26.2212,-80.07683,MIDR0,LIRM,10,41.8,69.24593807287502,1459.2,3956.0664307699835,9.8,23.700000000000003,5,13.715999561088
SEFCRI,NCRMP,2022,Broward-Miami,NA,0,3088,26.218,-80.07718,MIDR1,LIRM,10,91.8,136.00478196165813,12988.699999999997,35231.017929091744,13.6,100.79999999999998,4,13.1063995805952
SEFCRI,NCRMP,2022,Broward-Miami,NA,0,3094,26.00884,-80.09607,MIDR0,LIRM,10,28.584615384615383,35.62485515513041,773.5280769230767,1520.8946040708267,8.076923076923077,10.243589743589743,11,14.9351995220736
SEFCRI,NCRMP,2022,Broward-Miami,NA,0,3097,26.09184,-80.08926,MIDR1,LIRM,2,16.8,18.32595714594046,NA,NA,8,NA,1,15.23999951232
SEFCRI,NCRMP,2022,Broward-Miami,NA,0,3101,26.12539,-80.0867,MIDR0,LIRM,10,19.875,29.501518512616652,90.0625,319.77225541227693,6.75,2.25,4,14.6303995318272
SEFCRI,NCRMP,2022,Broward-Miami,NA,0,3108,26.05062,-80.09249,MIDR1,LIRM,10,33.708333333333336,39.40626201768447,506.3104166666666,1181.8938728821513,8.583333333333334,7.241666666666665,6,19.5071993757696
SEFCRI,NCRMP,2022,Broward-Miami,NA,0,3109,26.16819,-80.08022,MIDR1,LIRM,10,22.79090909090909,38.240560576934854,239.04090909090905,1320.0356779090293,8.454545454545455,16.47272727272727,11,20.1167993562624
SEFCRI,NCRMP,2022,Broward-Miami,NA,0,3110,26.10809,-80.08654,MIDR1,LIRM,10,18.3,22.809271662000892,153.30307692307696,213.9941584458752,7.428571428571429,8.10989010989011,11,17.9831994245376
SEFCRI,NCRMP,2022,Broward-Miami,NA,0,3111,26.03776,-80.09416,MIDR1,LIRM,10,49.626666666666665,53.44416335763136,703.3730666666667,888.4178147576589,15.333333333333332,158.26666666666665,6,14.9351995220736
SEFCRI,NCRMP,2022,Broward-Miami,NA,0,3114,26.07019,-80.09157,MIDR1,LIRM,10,39.56666666666667,54.9996880534713,3098.3946666666675,7134.5017045907125,9.333333333333334,45.866666666666674,6,17.6783994342912
SEFCRI,NCRMP,2022,Broward-Miami,NA,0,3118,25.86034,-80.09256,MIDR1,LIRM,10,24.1625,35.62926043329049,108.43895833333333,241.21371342949203,8,6,4,18.8975993952768
SEFCRI,NCRMP,2022,Broward-Miami,NA,0,3119,25.99075,-80.09576,MIDR1,LIRM,10,98.42307692307693,153.17781488056002,27876.701923076933,94115.59983150206,12.307692307692308,97.564102564102555,11,15.5447995025664
SEFCRI,NCRMP,2022,Broward-Miami,NA,0,3127,26.01937,-80.10492,NEAR0,CPSH,10,87.57333333333332,128.9565606656877,35569.711899999995,86862.26719620696,10.88888888888889,121.11111111111111,9,7.31519976591361
SEFCRI,NCRMP,2022,Broward-Miami,NA,0,3129,25.77093,-80.11089,NEAR0,RGSH,10,83.3,155.7706357404939,NA,NA,14,NA,1,9.14399970739201
SEFCRI,NCRMP,2022,Broward-Miami,NA,0,3131,25.78726,-80.10712,NEAR0,RGSH,10,112.13636363636364,191.31585262031479,49494.563045454546,150989.20497884706,13.272727272727273,158.0181818181818,11,8.53439972689921
SEFCRI,NCRMP,2022,Broward-Miami,NA,0,3134,25.79527,-80.09959,NEAR0,RGSH,10,112.75184210526315,149.65228070576418,31258.288808918132,58309.91158752979,14.947368421052634,98.83040935672517,19,10.3631996683776
SEFCRI,NCRMP,2022,Broward-Miami,NA,0,3136,26.06536,-80.10109,NEAR0,CPSH,10,52.14078947368421,58.84371831884236,6008.416195175439,8080.256981895438,10.894736842105264,107.76608187134502,16,7.01039977566721
SEFCRI,NCRMP,2022,Broward-Miami,NA,0,3137,26.23938,-80.08021,NEAR0,CPSH,10,7.2,9.94837673636768,3.2,30.499819156144195,4.2,0.19999999999999996,4,7.01039977566721
SEFCRI,NCRMP,2022,Broward-Miami,NA,0,3138,25.81166,-80.10945,NEAR0,RGSH,10,37.10625,53.419346957329566,403.5218229166667,550.6187210167288,10.5,11,4,7.61999975616001
SEFCRI,NCRMP,2022,Broward-Miami,NA,0,3139,26.0636,-80.10253,NEAR0,CPSH,10,31.985000000000003,45.75926049494383,2363.1522500000005,5366.361802455842,8.1,28.100000000000005,10,7.01039977566721
SEFCRI,NCRMP,2022,Broward-Miami,NA,0,3140,25.78676,-80.10266,NEAR0,RGSH,10,27.579545454545453,38.67818205358547,636.0983522727272,1096.7104128156875,8.545454545454545,21.27272727272727,10,8.53439972689921
SEFCRI,NCRMP,2022,Broward-Miami,NA,0,3141,26.10659,-80.09609,NEAR0,CPSH,10,118.8,129.8524963483781,41548.6777777778,34515.766708138195,16.2,288.4,9,5.18159983418881
SEFCRI,NCRMP,2022,Broward-Miami,NA,0,3143,25.91446,-80.11536,NEAR0,CPSH,10,10,9.817477042468104,NA,NA,5,NA,1,6.70559978542081
SEFCRI,NCRMP,2022,Broward-Miami,NA,0,3144,26.22167,-80.0862,NEAR0,CPSH,10,11.6,12.173671532660444,67.425,87.03371849788745,9.4,132.80000000000004,4,4.571999853696
SEFCRI,NCRMP,2022,Broward-Miami,NA,0,3145,26.03351,-80.10951,NEAR0,CPSH,10,41.975,97.8475211899321,6491.362142857143,53079.62959455782,8.875,76.98214285714286,7,7.61999975616001
SEFCRI,NCRMP,2022,Broward-Miami,NA,0,3146,26.20287,-80.08798,NEAR0,RGSH,10,8.3,10.40652566501619,18.950000000000003,39.21711297394663,5,3,3,5.48639982443521
SEFCRI,NCRMP,2022,Broward-Miami,NA,0,3147,26.19947,-80.08411,NEAR0,CPSH,10,8.333333333333334,8.399397025222711,3.8666666666666663,2.641604187212863,4.5,0.3,3,9.75359968788481
SEFCRI,NCRMP,2022,Broward-Miami,NA,0,3148,25.80032,-80.10799,NEAR0,RGSH,10,20,44.5058959258554,NA,NA,8,NA,1,6.70559978542081
SEFCRI,NCRMP,2022,Broward-Miami,NA,0,3149,25.89924,-80.10575,NEAR0,RGSH,10,40.05555555555556,56.89773361501514,1047.1527777777776,2383.217101534792,10.777777777777779,21.694444444444443,9,7.92479974640641
SEFCRI,NCRMP,2022,Broward-Miami,NA,0,3150,25.91334,-80.10215,NEAR0,CPSH,10,127.17222222222222,176.06372439753633,29232.355694444443,62223.043686069606,16.944444444444443,178.51277777777779,9,10.0583996781312
SEFCRI,NCRMP,2022,Broward-Miami,NA,0,3175,25.93717,-80.11099,NEAR1,RGSH,10,53.4125,78.92433419057483,9684.258392857144,18775.503173772733,9.375,61.125,8,5.48639982443521
SEFCRI,NCRMP,2022,Broward-Miami,NA,0,3188,25.83463,-80.089,OFFR1,LIRO,10,29.53409090909091,34.1544076321379,545.4762840909092,739.0777794794874,8.545454545454545,12.672727272727274,11,17.6783994342912
SEFCRI,NCRMP,2022,Broward-Miami,NA,0,3189,26.02401,-80.08717,OFFR1,SPGR,10,25.47142857142857,28.44263348875045,1341.9345054945056,1982.2620102270605,7.5,21.346153846153847,13,15.23999951232
SEFCRI,NCRMP,2022,Broward-Miami,NA,0,3191,25.86371,-80.08844,OFFR1,LIRO,10,36.08,39.21100330761761,744.9416,903.4065282252762,9.25,19.583333333333332,4,16.4591994733056
SEFCRI,NCRMP,2022,Broward-Miami,NA,0,3192,25.8154,-80.09023,OFFR1,CPDP,10,49.70250000000001,49.714067496884724,18753.580125000004,13159.391063090805,8.75,53.35526315789474,18,14.9351995220736
SEFCRI,NCRMP,2022,Broward-Miami,NA,0,3193,25.97243,-80.08979,OFFR1,LIRO,10,22.833333333333332,30.652344988150414,23.583333333333336,26.166160394959842,8,1,3,16.4591994733056
SEFCRI,NCRMP,2022,Broward-Miami,NA,0,3197,25.99696,-80.08924,OFFR1,LIRO,10,84.63888888888889,116.62799116191273,9562.954861111111,19456.564591095663,12.444444444444445,45.027777777777786,9,20.4215993465088
SEFCRI,NCRMP,2022,Broward-Miami,NA,0,3200,26.25029,-80.06647,OFFR0,CPDP,10,243.57999999999998,354.6989005596776,242833.98200000002,526558.5024894375,16.4,354.29999999999995,5,19.811999366016
SEFCRI,NCRMP,2022,Broward-Miami,NA,0,3201,26.01376,-80.09046,OFFR1,SPGR,10,46.5,55.30512067257031,2964.5,4020.02180998364,10.5,84.5,2,17.6783994342912
SEFCRI,NCRMP,2022,Broward-Miami,NA,0,3219,26.00233,-80.08855,OFFR1,LIRO,10,96.1,101.90541170081892,4475.3,6303.524422001306,14,25.5,5,17.6783994342912
SEFCRI,NCRMP,2022,Broward-Miami,NA,0,3220,26.22934,-80.06863,OFFR1,SPGR,10,50.17777777777778,61.58103377453327,2321.2519444444447,3698.7921506035727,10.555555555555555,32.27777777777778,9,19.5071993757696
SEFCRI,NCRMP,2022,Broward-Miami,NA,0,3223,26.19163,-80.07142,OFFR1,LIRO,10,192.625,282.3342772796452,29430.229166666668,80953.84335255543,22,224.66666666666666,4,19.811999366016
SEFCRI,NCRMP,2022,Broward-Miami,NA,0,3224,26.02718,-80.08709,OFFR1,LIRO,10,21.74,28.653942994616905,415.66100000000006,749.828201484134,7.9,13.433333333333334,9,16.4591994733056
SEFCRI,NCRMP,2022,Broward-Miami,NA,0,3225,26.16651,-80.07631,OFFR1,SPGR,10,73.6,127.38721877993612,12548.02,38067.96660410777,12,76.8,6,17.0687994537984
SEFCRI,NCRMP,2022,Broward-Miami,NA,0,3229,25.87421,-80.08852,OFFR1,SPGR,10,38.875,54.527903740041594,1035.3392857142858,3047.226207385336,9.25,10.214285714285714,8,18.8975993952768
SEFCRI,NCRMP,2022,Broward-Miami,NA,0,3234,26.15316,-80.07726,OFFR1,SPGR,10,107.91666666666667,133.68131239494068,32667.941666666662,53771.127626251386,14.666666666666666,236.26666666666665,6,19.5071993757696
SEFCRI,NCRMP,2022,Broward-Miami,NA,0,3257,25.93977,-80.08766,OFFR1,SPGR,10,131.72272727272727,150.93627204533917,17035.766181818184,23293.56714622289,19.545454545454547,100.47272727272727,11,26.8223991416832
SEFCRI,NCRMP,2022,Broward-Miami,NA,0,3258,26.05856,-80.08502,OFFR1,SPGR,10,28.833333333333336,31.63409269239722,731.8333333333333,1056.7130695929077,7.5,12.636363636363637,10,23.7743992392192
SEFCRI,NCRMP,2022,Broward-Miami,NA,0,3269,25.78499,-80.08603,PTDP1,APRD,10,49.516666666666666,52.84311559647582,2396.4604060606066,2394.39807613955,10.083333333333334,21.901515151515152,11,23.4695992489728
SEFCRI,NCRMP,2022,Broward-Miami,NA,0,3271,25.84458,-80.0865,OFFR1,SPGR,10,134.23999999999998,167.9676822184936,75139.20367499998,119092.34113268634,13.285714285714286,147.9047619047619,7,23.4695992489728
SEFCRI,NCRMP,2022,Broward-Miami,NA,0,3273,26.20817,-80.06941,PTDP1,APRD,10,50.35000000000001,60.70473304592777,1856.9472222222223,3226.903951008898,10.6,23.822222222222223,9,25.6031991806976
SEFCRI,NCRMP,2022,Broward-Miami,NA,0,3275,26.12355,-80.07977,PTDP1,APRD,10,95.5,97.84752118993208,12185.833333333334,11375.1046036774,14,68.66666666666667,4,23.7743992392192
SEFCRI,NCRMP,2022,Broward-Miami,NA,0,3290,25.8772,-80.1018,PTSH2,PTCH,10,158.14749999999998,252.51914491706083,63841.23760129312,181828.2177559816,16.133333333333336,159.01609195402298,26,10.3631996683776
SEFCRI,NCRMP,2022,Deerfield,NA,0,3102,26.28607,-80.06953,MIDR0,LIRM,10,70.9375,111.24019612203233,15966.60267857143,43280.50882826559,14.125,190.125,8,11.5823996293632
SEFCRI,NCRMP,2022,Deerfield,NA,0,3105,26.37178,-80.06249,MIDR0,LIRM,10,22.635714285714283,32.30884944785574,829.5789285714285,1503.063756193209,7.2857142857142865,27.90476190476191,7,8.53439972689921
SEFCRI,NCRMP,2022,Deerfield,NA,0,3123,26.28094,-80.06922,MIDR1,LIRM,10,59.05,63.32272692391926,6974.7472222222195,4360.889892636763,10.1,40.544444444444444,9,20.4215993465088
SEFCRI,NCRMP,2022,Deerfield,NA,0,3203,26.35002,-80.05492,OFFR1,SPGR,10,91.33333333333334,143.93512175040738,32593.651515151505,104721.83847639915,11.5,127.54545454545455,10,22.2503992879872
SEFCRI,NCRMP,2022,Deerfield,NA,0,3237,26.33167,-80.05731,PTDP1,APRD,10,34.9,39.597157404621356,2290.2999999999997,2091.9363321493006,8.2,19.7,5,21.9455992977408
SEFCRI,NCRMP,2022,Deerfield,NA,0,3239,26.27132,-80.062970000000007,OFFR1,SPGR,10,174.15,285.1977080836984,40820.335,128583.37153887858,22.833333333333336,388.5666666666666,6,19.5071993757696
SEFCRI,NCRMP,2022,Deerfield,NA,0,3259,26.2847,-80.06101,OFFR1,SPGR,10,52.5,60.595649967678135,4135.2,5625.735194122533,11,38.8,6,24.6887992099584
SEFCRI,NCRMP,2022,Deerfield,NA,0,3260,26.29732,-80.05926,PTDP1,APRD,10,63.746153846153845,79.0130690792279,1843.8272756410258,3466.257257939906,11.961538461538462,25.935897435897434,11,25.2983991904512
SEFCRI,NCRMP,2022,Deerfield,NA,0,3277,26.3531,-80.05419,PTDP1,APRD,10,60.65,73.0093042724878,16168.724999999999,22282.560782480614,10,54,9,24.9935992002048
SEFCRI,NCRMP,2022,Deerfield,NA,0,3279,26.32908,-80.05661,PTDP1,APRD,10,119.75666666666666,179.45402646953528,11284.969149999999,33393.42893921242,16.666666666666668,87.75,9,23.1647992587264
SEFCRI,NCRMP,2022,Deerfield,NA,0,3280,26.29405,-80.06026,PTDP1,APRD,10,123.625,154.91978773014665,35001.02785714286,36137.90288091375,21.125,538.9821428571429,8,24.383999219712
SEFCRI,NCRMP,2022,North Palm Beach,NA,0,3005,26.71817,-80.01232,DPRC0,DPRC,10,23,27.488935718910682,2,3.426945972600408,15,98,2,29.2607990636544
SEFCRI,NCRMP,2022,North Palm Beach,NA,0,3006,26.83021,-80.01202,DPRC0,DPRC,10,1.5,2.4543692606170264,NA,NA,5,NA,1,26.8223991416832
SEFCRI,NCRMP,2022,North Palm Beach,NA,0,3013,26.8299,-80.01169,DPRC0,DPRC,10,12.5,21.27120025868089,NA,NA,5,NA,1,26.5175991514368
SEFCRI,NCRMP,2022,North Palm Beach,NA,0,3023,26.83404,-80.01663,DPRC0,DPRC,10,12.5,14.726215563702155,NA,NA,5,NA,1,21.6407993074944
SEFCRI,NCRMP,2022,North Palm Beach,NA,0,3025,26.86096,-80.02034,DPRC0,DPRC,10,9.833333333333334,15.162547876700737,44.08333333333333,161.95889455925354,5,3,3,25.907999170944
SEFCRI,NCRMP,2022,North Palm Beach,NA,0,3026,26.87212,-80.01947,DPRC0,DPRC,10,129.56666666666666,221.11139961203162,36814.863333333335,108239.05332132333,14.666666666666666,180.33333333333331,3,23.4695992489728
SEFCRI,NCRMP,2022,North Palm Beach,NA,0,3159,26.72893,-80.03132,NEAR0,CPSH,10,5,5.890486225480862,2,0.8567364931501193,4,0,2,6.70559978542081
SEFCRI,NCRMP,2022,North Palm Beach,NA,0,3263,26.72376,-80.01807,PTSH2,PTCH,10,9.475,12.768174309121015,66.431875,106.14545706221855,6.333333333333333,4.333333333333333,3,19.811999366016
SEFCRI,NCRMP,2022,North Palm Beach,NA,0,3264,26.72425,-80.01789,PTSH2,PTCH,10,69,94.83682823024188,NA,NA,23,NA,1,19.5071993757696
SEFCRI,NCRMP,2022,North Palm Beach,NA,0,3285,26.82517,-80.01622,PTDP0,PTCH,10,21,36.65191429188092,NA,NA,7,NA,1,25.2983991904512
SEFCRI,NCRMP,2022,South Palm Beach,NA,0,3002,26.71588,-80.01347,DPRC0,DPRC,10,78.525,116.18984079761,875.7112500000001,3327.9120531350914,15,18,2,27.431999122176
SEFCRI,NCRMP,2022,South Palm Beach,NA,0,3157,26.69387,-80.031,NEAR0,RGSH,10,7.15,9.359328113819592,19.423333333333332,27.56978034957078,4.5,1,4,4.571999853696
SEFCRI,NCRMP,2022,South Palm Beach,NA,0,3214,26.55078,-80.02741,OFFR0,RGDP,10,26.5,35.34291735288517,179,449.78665890381177,7.75,4.25,4,24.9935992002048
SEFCRI,NCRMP,2022,South Palm Beach,NA,0,3215,26.717,-80.01835,OFFR0,LIRO,10,26.875,42.46058820867455,618.3958333333334,2250.8163299362955,9.25,54.25,4,16.763999463552
SEFCRI,NCRMP,2022,South Palm Beach,NA,0,3243,26.61301,-80.02262,OFFR1,LIRO,10,20.55,24.02009383057196,326.01000000000005,307.2085717137693,7.25,15.583333333333334,4,20.7263993367552
SEFCRI,NCRMP,2022,South Palm Beach,NA,0,3249,26.44772,-80.04525,OFFR1,SPGR,10,110.96666666666665,130.7469775900252,8243.103333333333,11109.757604913104,21,199,3,22.85999926848
SEFCRI,NCRMP,2022,South Palm Beach,NA,0,3252,26.5509,-80.02739,OFFR0,RGDP,10,11.25,16.307920198322016,14.0625,51.03829171172421,5.333333333333333,0.33333333333333337,3,24.6887992099584
SEFCRI,NCRMP,2022,South Palm Beach,NA,0,3262,26.64076,-80.01874,PTDP0,APRD,10,24.333333333333332,37.0882466048795,312.3333333333333,899.7161072231486,8,13,3,26.5175991514368
SEFCRI,NCRMP,2022,South Palm Beach,NA,0,3281,26.61788,-80.02062,PTDP1,APRD,10,13.75,15.217089415825562,28.125,58.31162756502991,6,2,2,25.6031991806976
SEFCRI,NCRMP,2022,South Palm Beach,NA,0,3282,26.39654,-80.05188,OFFR1,SPGR,10,72.396875,105.49083612903695,8327.460078125001,13065.340252448135,12.625,80.83928571428571,7,18.287999414784
SEFCRI,NCRMP,2014,Broward-Miami,NA,0,3125,26.25055,-80.07265,MIDR0,LIRM,10,20.4625,59.33846749085096,NA,NA,9.075,NA,1,46
SEFCRI,NCRMP,2014,Broward-Miami,NA,0,3126,26.2466,-80.07233333,MIDR0,LIRM,10,144.14166666666668,295.57150882523973,NA,NA,14.7,NA,1,51
SEFCRI,NCRMP,2014,Broward-Miami,NA,0,3127,26.22176667,-80.07598333,MIDR0,LIRM,10,39.9965,66.12070788102267,NA,NA,9.9,NA,1,60.5
SEFCRI,NCRMP,2014,Broward-Miami,NA,0,3128,26.1794,-80.08208333,MIDR0,LIRM,10,38.47,83.06676408710513,NA,NA,10.416666666666668,NA,1,42.5
SEFCRI,NCRMP,2014,Broward-Miami,NA,0,3129,26.17216667,-80.08065,MIDR0,LIRM,10,166.46000000000004,299.67439610590446,NA,NA,15.2125,NA,1,51.5
SEFCRI,NCRMP,2014,Broward-Miami,NA,0,3130,26.15818333,-80.08225,MIDR0,LIRM,10,29.650624999999998,72.09300641519077,NA,NA,8.2,NA,1,49
SEFCRI,NCRMP,2014,Broward-Miami,NA,0,3131,26.13473333,-80.08558333,MIDR0,LIRM,10,64.61333333333333,84.64846872172498,NA,NA,11.5,NA,1,49
SEFCRI,NCRMP,2014,Broward-Miami,NA,0,3132,26.10958333,-80.08976667,MIDR0,LIRM,10,22.125,38.942658935123475,NA,NA,8,NA,1,44.5
SEFCRI,NCRMP,2014,Broward-Miami,NA,0,3133,26.10408333,-80.08978333,MIDR0,LIRM,10,11.25,21.59844949342983,NA,NA,6,NA,1,48
SEFCRI,NCRMP,2014,Broward-Miami,NA,0,3134,26.10321667,-80.09016667,MIDR0,LIRM,10,4.125,14.726215563702155,NA,NA,5,NA,1,44
SEFCRI,NCRMP,2014,Broward-Miami,NA,0,3135,26.09548333,-80.09203333,MIDR0,LIRM,10,51.641562500000006,85.03707718798934,NA,NA,10.583333333333332,NA,1,42.5
SEFCRI,NCRMP,2014,Broward-Miami,NA,0,3136,26.08643333,-80.090316670000007,MIDR0,LIRM,10,44.911964285714284,74.4394613448251,NA,NA,9.392857142857142,NA,1,50
SEFCRI,NCRMP,2014,Broward-Miami,NA,0,3137,26.06068333,-80.09141667,MIDR1,LIRM,10,44.186136363636365,84.46104416000514,NA,NA,9.530303030303031,NA,1,61.5
SEFCRI,NCRMP,2014,Broward-Miami,NA,0,3138,26.06028333,-80.09351667,MIDR0,LIRM,10,49.384470588235295,107.58896091020853,NA,NA,9.611764705882354,NA,1,43.5
SEFCRI,NCRMP,2014,Broward-Miami,NA,0,3139,26.05396667,-80.09456667,MIDR0,LIRM,10,41.836868686868684,82.94445881755249,NA,NA,10.313131313131313,NA,1,NA
SEFCRI,NCRMP,2014,Broward-Miami,NA,0,3140,26.04978333,-80.0939,MIDR0,LIRM,10,40.354166666666664,74.28227074018291,NA,NA,9.343434343434343,NA,1,45.5
SEFCRI,NCRMP,2014,Broward-Miami,NA,0,3141,25.98283333,-80.09566667,MIDR0,LIRM,10,51.072708333333324,76.81084954948794,NA,NA,10.091666666666667,NA,1,52.5
SEFCRI,NCRMP,2014,Broward-Miami,NA,0,3143,25.91668333,-80.0919,MIDR0,LIRM,10,121.83645833333333,180.6756660433661,NA,NA,13.5625,NA,1,62.5
SEFCRI,NCRMP,2014,Broward-Miami,NA,0,3144,25.91495,-80.09861667,MIDR0,LIRM,10,65.88234649122808,109.7380551536972,NA,NA,11.769005847953217,NA,1,38.5
SEFCRI,NCRMP,2014,Broward-Miami,NA,0,3145,25.90186667,-80.09973333,MIDR0,LIRM,10,50.25416666666668,69.26775468852496,NA,NA,9.222222222222221,NA,1,37.5
SEFCRI,NCRMP,2014,Broward-Miami,NA,0,3146,25.89908333,-80.09223333,MIDR0,LIRM,10,46.746875,120.20850335535704,NA,NA,10.926282051282051,NA,1,63
SEFCRI,NCRMP,2014,Broward-Miami,NA,0,3147,25.89783333,-80.09971667,MIDR0,LIRM,10,45.71573529411765,82.33205747183544,NA,NA,10.088235294117647,NA,1,40
SEFCRI,NCRMP,2014,Broward-Miami,NA,0,3148,25.835,-80.09225,MIDR0,LIRM,10,118.00692647058821,222.59877946722386,NA,NA,12.735294117647058,NA,1,52.5
SEFCRI,NCRMP,2014,Broward-Miami,NA,0,3149,25.7894,-80.09308333,MIDR0,LIRM,10,25.234375,44.11728745959104,NA,NA,8.1,NA,1,46
SEFCRI,NCRMP,2014,Broward-Miami,NA,0,3155,26.25923333,-80.07045,MIDR1,LIRM,10,66.95916666666666,118.04425312785398,NA,NA,13.288888888888888,NA,1,64
SEFCRI,NCRMP,2014,Broward-Miami,NA,0,3156,26.25336667,-80.072,MIDR1,LIRM,10,55.7328373015873,124.6391043728897,NA,NA,11.797619047619047,NA,1,46.5
SEFCRI,NCRMP,2014,Broward-Miami,NA,0,3157,26.21276667,-80.07731667,MIDR1,LIRM,10,62.18660714285714,237.04765817946014,NA,NA,13.757142857142856,NA,1,62
SEFCRI,NCRMP,2014,Broward-Miami,NA,0,3158,26.16945,-80.08066667,MIDR1,LIRM,10,72.96084280303032,175.63119346453732,NA,NA,12.579545454545453,NA,1,57
SEFCRI,NCRMP,2014,Broward-Miami,NA,0,3159,26.15411667,-80.08178333,MIDR1,LIRM,10,73.25,151.3936772257269,NA,NA,13.055,NA,1,60.5
SEFCRI,NCRMP,2014,Broward-Miami,NA,0,3160,26.1514,-80.0823,MIDR1,LIRM,10,23.23412698412698,40.39320415422888,NA,NA,7.404761904761905,NA,1,52.5
SEFCRI,NCRMP,2014,Broward-Miami,NA,0,3161,26.13876667,-80.0829,MIDR1,LIRM,10,113.42769138755982,205.72468339988484,NA,NA,15.866028708133971,NA,1,64.5
SEFCRI,NCRMP,2014,Broward-Miami,NA,0,3163,26.12601667,-80.08413333,MIDR1,LIRM,10,26.952777777777776,47.02000115789485,NA,NA,8.253968253968255,NA,1,66.5
SEFCRI,NCRMP,2014,Broward-Miami,NA,0,3164,26.12298333,-80.08446667,MIDR1,LIRM,10,24.71666666666667,43.81438712623711,NA,NA,7.375,NA,1,67.5
SEFCRI,NCRMP,2014,Broward-Miami,NA,0,3165,26.06163333,-80.0915,MIDR1,LIRM,10,64.9510625,124.16381381765909,NA,NA,12.9625,NA,1,NA
SEFCRI,NCRMP,2014,Broward-Miami,NA,0,3166,26.05215,-80.09216667,MIDR1,LIRM,10,47.07946428571428,63.17468560343761,NA,NA,10.238095238095237,NA,1,63
SEFCRI,NCRMP,2014,Broward-Miami,NA,0,3167,25.94516667,-80.0939,MIDR1,LIRM,10,71.096,157.28143637425148,NA,NA,13.1,NA,1,52
SEFCRI,NCRMP,2014,Broward-Miami,NA,0,3568,26.21096667,-80.07833333,MIDR0,LIRM,10,35.269999999999996,123.75475227422291,NA,NA,11.166666666666668,NA,1,44
SEFCRI,NCRMP,2014,Broward-Miami,NA,0,3569,26.19513333,-80.0807,MIDR0,LIRM,10,105.08500000000001,205.5779692692821,NA,NA,14,NA,1,48.5
SEFCRI,NCRMP,2014,Broward-Miami,NA,0,3570,26.18075,-80.08208333,MIDR0,LIRM,10,250.52812499999996,431.7849121740503,NA,NA,15.575,NA,1,42
SEFCRI,NCRMP,2014,Broward-Miami,NA,0,3571,26.11978333,-80.08556667,MIDR1,LIRM,10,25.560535714285713,36.8428096788178,NA,NA,7.619047619047619,NA,1,56.5
SEFCRI,NCRMP,2014,Broward-Miami,NA,0,3572,26.11713333,-80.08775,MIDR0,LIRM,10,35.141666666666666,60.022963806867494,NA,NA,10.25,NA,1,49.5
SEFCRI,NCRMP,2014,Broward-Miami,NA,0,3573,26.0648,-80.09448333,MIDR0,LIRM,10,38.60334821428572,65.28622233241288,NA,NA,9.723214285714285,NA,1,36
SEFCRI,NCRMP,2014,Broward-Miami,NA,0,3576,25.91631667,-80.09896667,MIDR0,LIRM,10,136.8614583333333,237.62575953594109,NA,NA,14.438333333333334,NA,1,38
SEFCRI,NCRMP,2014,Broward-Miami,NA,0,3577,25.91175,-80.09248333,MIDR0,LIRM,10,28.03125,32.13178423691123,NA,NA,8.1875,NA,1,59
SEFCRI,NCRMP,2014,Broward-Miami,NA,0,3582,26.18705,-80.08003333,MIDR1,LIRM,10,46.86583333333334,70.02224597975166,NA,NA,8.75,NA,1,48.5
SEFCRI,NCRMP,2014,Broward-Miami,NA,0,3583,26.16313333,-80.08121667,MIDR1,LIRM,10,54.23370535714285,102.77379092017055,NA,NA,10.272321428571429,NA,1,48.5
SEFCRI,NCRMP,2014,Broward-Miami,NA,0,3584,26.1252,-80.08423333,MIDR1,LIRM,10,45.58625,147.10125809660332,NA,NA,11.675,NA,1,69
SEFCRI,NCRMP,2014,Broward-Miami,NA,0,3585,26.06998333,-80.09298333,MIDR1,LIRM,10,39.06283333333333,69.91352651176285,NA,NA,9.086666666666666,NA,1,43.5
SEFCRI,NCRMP,2014,Broward-Miami,NA,0,3588,25.99028333,-80.09723333,MIDR1,LIRM,10,295.32830459770116,634.3300683845065,NA,NA,24.048066875653085,NA,1,33.5
