"REGION","YEAR","ANALYSIS_STRATUM","STRAT","PROT","DEPTH_M","cover_group","n","avcvr","Var","SE","CV_perc"
"SEFCRI",2014,"MIDR0 / PROT = 0","MIDR0","0",14.2310064411595,"CCA",30,0.925538261022132,0.0958851958500376,0.309653347874745,33.4565691031265
"SEFCRI",2014,"MIDR0 / PROT = 0","MIDR0","0",14.2310064411595,"HARD CORALS",30,0.984594480953472,0.0283986920685125,0.168519114846098,17.1155859702673
"SEFCRI",2014,"MIDR0 / PROT = 0","MIDR0","0",14.2310064411595,"MACROALGAE",30,8.70967340372511,1.78695393090371,1.33676996184972,15.3481066382809
"SEFCRI",2014,"MIDR0 / PROT = 0","MIDR0","0",14.2310064411595,"OTHER",30,30.521046586806,3.90767896254041,1.97678500665611,6.47679299277587
"SEFCRI",2014,"MIDR0 / PROT = 0","MIDR0","0",14.2310064411595,"RAMICRUSTA SPP.",30,0,3.33333333333333e-10,1.82574185835055e-05,NA
"SEFCRI",2014,"MIDR0 / PROT = 0","MIDR0","0",14.2310064411595,"SOFT CORALS",30,7.98691963446687,0.628738938298597,0.792930601186886,9.92786502777694
"SEFCRI",2014,"MIDR0 / PROT = 0","MIDR0","0",14.2310064411595,"SPONGES",30,12.8827366670797,0.914757983762752,0.956429811205585,7.42411985839647
"SEFCRI",2014,"MIDR0 / PROT = 0","MIDR0","0",14.2310064411595,"TURF ALGAE",30,37.9894909659467,2.7364944025411,1.65423529237564,4.35445500930368
"SEFCRI",2014,"MIDR1 / PROT = 0","MIDR1","0",16.8063327955307,"CCA",19,1.91457900558751,0.883766795520233,0.94008871683487,49.1015891269733
"SEFCRI",2014,"MIDR1 / PROT = 0","MIDR1","0",16.8063327955307,"HARD CORALS",19,1.78272136226492,0.102185638238753,0.319664884275319,17.9312870222854
"SEFCRI",2014,"MIDR1 / PROT = 0","MIDR1","0",16.8063327955307,"MACROALGAE",19,10.4499167372797,3.09456539803206,1.7591376859223,16.833987582376
"SEFCRI",2014,"MIDR1 / PROT = 0","MIDR1","0",16.8063327955307,"OTHER",19,25.7621652831462,2.59089546512697,1.60962587737864,6.2480224767119
"SEFCRI",2014,"MIDR1 / PROT = 0","MIDR1","0",16.8063327955307,"RAMICRUSTA SPP.",19,0,5.26315789473684e-10,2.29415733870562e-05,NA
"SEFCRI",2014,"MIDR1 / PROT = 0","MIDR1","0",16.8063327955307,"SOFT CORALS",19,12.4404651132816,1.18099422262089,1.08673558082032,8.73548995897357
"SEFCRI",2014,"MIDR1 / PROT = 0","MIDR1","0",16.8063327955307,"SPONGES",19,13.0583489598194,0.937966014701133,0.968486455610575,7.41660724943567
"SEFCRI",2014,"MIDR1 / PROT = 0","MIDR1","0",16.8063327955307,"TURF ALGAE",19,34.5918035386207,4.05118526368985,2.01275563933873,5.81859120786098
"SEFCRI",2016,"DPRC0 / PROT = 0","DPRC0","0",23.5257466155971,"CCA",19,1.94736842105263,1.02031394275162,1.01010590670069,51.8703033170623
"SEFCRI",2016,"DPRC0 / PROT = 0","DPRC0","0",23.5257466155971,"HARD CORALS",19,0.157894736842105,0.00738688827331487,0.085947008518708,54.4331053951818
"SEFCRI",2016,"DPRC0 / PROT = 0","DPRC0","0",23.5257466155971,"MACROALGAE",19,43.1578947368421,31.533702677747,5.61548775065417,13.0114960076133
"SEFCRI",2016,"DPRC0 / PROT = 0","DPRC0","0",23.5257466155971,"OTHER",19,23.7368421052632,29.6189596799015,5.4423303538008,22.9277775437284
"SEFCRI",2016,"DPRC0 / PROT = 0","DPRC0","0",23.5257466155971,"RAMICRUSTA SPP.",19,0,5.26315789473684e-10,2.29415733870562e-05,NA
"SEFCRI",2016,"DPRC0 / PROT = 0","DPRC0","0",23.5257466155971,"SOFT CORALS",19,1.94736842105263,1.06124961526624,1.03016970216865,52.9006063275791
"SEFCRI",2016,"DPRC0 / PROT = 0","DPRC0","0",23.5257466155971,"SPONGES",19,4.52631578947368,1.41151123422592,1.18807038269032,26.248066594321
"SEFCRI",2016,"DPRC0 / PROT = 0","DPRC0","0",23.5257466155971,"TURF ALGAE",19,24.5263157894737,34.2770083102493,5.85465697630949,23.8709190021202
"SEFCRI",2016,"DPRC1 / PROT = 0","DPRC1","0",22.85999926848,"CCA",6,3.83333333333333,4.36111111111111,2.08832734769028,54.4781047223551
"SEFCRI",2016,"DPRC1 / PROT = 0","DPRC1","0",22.85999926848,"HARD CORALS",6,1.66666666666667,1.24444444444444,1.11554670204543,66.9328021227261
"SEFCRI",2016,"DPRC1 / PROT = 0","DPRC1","0",22.85999926848,"MACROALGAE",6,30.1666666666667,37.2944444444445,6.10691775320779,20.2439262537275
"SEFCRI",2016,"DPRC1 / PROT = 0","DPRC1","0",22.85999926848,"OTHER",6,9.16666666666667,8.69444444444444,2.94863433549236,32.166920023553
"SEFCRI",2016,"DPRC1 / PROT = 0","DPRC1","0",22.85999926848,"RAMICRUSTA SPP.",6,0,1.66666666666667e-09,4.08248290463863e-05,NA
"SEFCRI",2016,"DPRC1 / PROT = 0","DPRC1","0",22.85999926848,"SOFT CORALS",6,4.83333333333333,6.09444444444444,2.46869286150474,51.0764040311325
"SEFCRI",2016,"DPRC1 / PROT = 0","DPRC1","0",22.85999926848,"SPONGES",6,9.33333333333333,3.57777777777778,1.89150146121481,20.2660870844444
"SEFCRI",2016,"DPRC1 / PROT = 0","DPRC1","0",22.85999926848,"TURF ALGAE",6,41,20.0666666666667,4.47958331395529,10.9258129608666
"SEFCRI",2016,"INNR0 / PROT = 0","INNR0","0",9.62297112063635,"CCA",7,0,1.42857142857143e-09,3.77964473009227e-05,NA
"SEFCRI",2016,"INNR0 / PROT = 0","INNR0","0",9.62297112063635,"HARD CORALS",7,2.42857142857143,2.2312925170068,1.49375115631982,61.5074005543456
"SEFCRI",2016,"INNR0 / PROT = 0","INNR0","0",9.62297112063635,"MACROALGAE",7,24.7142857142857,27.0340136054422,5.19942435327625,21.038133221349
"SEFCRI",2016,"INNR0 / PROT = 0","INNR0","0",9.62297112063635,"OTHER",7,9.71428571428571,16.0340136054422,4.00424944345906,41.2202148591374
"SEFCRI",2016,"INNR0 / PROT = 0","INNR0","0",9.62297112063635,"RAMICRUSTA SPP.",7,0,1.42857142857143e-09,3.77964473009227e-05,NA
"SEFCRI",2016,"INNR0 / PROT = 0","INNR0","0",9.62297112063635,"SOFT CORALS",7,8.71428571428571,1.74829931972789,1.32223270256332,15.1731621605627
"SEFCRI",2016,"INNR0 / PROT = 0","INNR0","0",9.62297112063635,"SPONGES",7,5.85714285714286,1.68707482993197,1.29887444733199,22.175905198351
"SEFCRI",2016,"INNR0 / PROT = 0","INNR0","0",9.62297112063635,"TURF ALGAE",7,48.5714285714286,48.7551020408163,6.98248537705711,14.3757051880587
"SEFCRI",2016,"INNR1 / PROT = 0","INNR1","0",9.50975969568769,"CCA",5,0,2e-09,4.47213595499958e-05,NA
"SEFCRI",2016,"INNR1 / PROT = 0","INNR1","0",9.50975969568769,"HARD CORALS",5,2.2,1.24,1.113552872566,50.6160396620911
"SEFCRI",2016,"INNR1 / PROT = 0","INNR1","0",9.50975969568769,"MACROALGAE",5,30.8,12.34,3.51283361405006,11.405303941721
"SEFCRI",2016,"INNR1 / PROT = 0","INNR1","0",9.50975969568769,"OTHER",5,4.8,11.04,3.32264954516723,69.2218655243173
"SEFCRI",2016,"INNR1 / PROT = 0","INNR1","0",9.50975969568769,"RAMICRUSTA SPP.",5,0,2e-09,4.47213595499958e-05,NA
"SEFCRI",2016,"INNR1 / PROT = 0","INNR1","0",9.50975969568769,"SOFT CORALS",5,5.8,0.54,0.734846922834953,12.6697745316371
"SEFCRI",2016,"INNR1 / PROT = 0","INNR1","0",9.50975969568769,"SPONGES",5,7.6,4.06,2.01494416796099,26.5124232626446
"SEFCRI",2016,"INNR1 / PROT = 0","INNR1","0",9.50975969568769,"TURF ALGAE",5,48.8,20.14,4.48776113446337,9.19623183291675
"SEFCRI",2016,"MIDR0 / PROT = 0","MIDR0","0",13.33499957328,"CCA",8,0.25,0.0625,0.25,100
"SEFCRI",2016,"MIDR0 / PROT = 0","MIDR0","0",13.33499957328,"HARD CORALS",8,2.125,0.622767857142857,0.789156421213727,37.1367727629989
"SEFCRI",2016,"MIDR0 / PROT = 0","MIDR0","0",13.33499957328,"MACROALGAE",8,21.875,77.0513392857143,8.77788922724104,40.1274936102448
"SEFCRI",2016,"MIDR0 / PROT = 0","MIDR0","0",13.33499957328,"OTHER",8,6.25,3.8125,1.95256241897666,31.2409987036266
"SEFCRI",2016,"MIDR0 / PROT = 0","MIDR0","0",13.33499957328,"RAMICRUSTA SPP.",8,0,1.25e-09,3.53553390593274e-05,NA
"SEFCRI",2016,"MIDR0 / PROT = 0","MIDR0","0",13.33499957328,"SOFT CORALS",8,7.75,5.27678571428571,2.29712553298371,29.6403294578544
"SEFCRI",2016,"MIDR0 / PROT = 0","MIDR0","0",13.33499957328,"SPONGES",8,13.625,4.21205357142857,2.05232881659557,15.0629637915271
"SEFCRI",2016,"MIDR0 / PROT = 0","MIDR0","0",13.33499957328,"TURF ALGAE",8,48.125,54.8727678571429,7.40761553113705,15.3924478569082
"SEFCRI",2016,"MIDR1 / PROT = 0","MIDR1","0",16.0934394850099,"CCA",5,1,1,1,100
"SEFCRI",2016,"MIDR1 / PROT = 0","MIDR1","0",16.0934394850099,"HARD CORALS",5,0.8,0.14,0.374165738677394,46.7707173346743
"SEFCRI",2016,"MIDR1 / PROT = 0","MIDR1","0",16.0934394850099,"MACROALGAE",5,17.4,25.56,5.05568986390582,29.0556888730219
"SEFCRI",2016,"MIDR1 / PROT = 0","MIDR1","0",16.0934394850099,"OTHER",5,6.8,15.94,3.99249295553543,58.7131316990504
"SEFCRI",2016,"MIDR1 / PROT = 0","MIDR1","0",16.0934394850099,"RAMICRUSTA SPP.",5,0,2e-09,4.47213595499958e-05,NA
"SEFCRI",2016,"MIDR1 / PROT = 0","MIDR1","0",16.0934394850099,"SOFT CORALS",5,12.2,15.64,3.95474398665704,32.415934316861
"SEFCRI",2016,"MIDR1 / PROT = 0","MIDR1","0",16.0934394850099,"SPONGES",5,6.8,3.94,1.98494332412792,29.1903430018812
"SEFCRI",2016,"MIDR1 / PROT = 0","MIDR1","0",16.0934394850099,"TURF ALGAE",5,55,130.3,11.4149025401008,20.7543682547288
"SEFCRI",2016,"NEAR0 / PROT = 0","NEAR0","0",7.61153308976427,"CCA",18,1.16666666666667,0.426470588235294,0.653047156211015,55.9754705323727
"SEFCRI",2016,"NEAR0 / PROT = 0","NEAR0","0",7.61153308976427,"HARD CORALS",18,2.00617283950617,1.18304463989528,1.08767855540839,54.216592608049
"SEFCRI",2016,"NEAR0 / PROT = 0","NEAR0","0",7.61153308976427,"MACROALGAE",18,15.2783389450056,14.2330809396015,3.77267556776374,24.6929694474216
"SEFCRI",2016,"NEAR0 / PROT = 0","NEAR0","0",7.61153308976427,"OTHER",18,11.1762065095398,19.5768993975019,4.42457900793984,39.5892739111709
"SEFCRI",2016,"NEAR0 / PROT = 0","NEAR0","0",7.61153308976427,"RAMICRUSTA SPP.",18,0,5.55555555555556e-10,2.35702260395516e-05,NA
"SEFCRI",2016,"NEAR0 / PROT = 0","NEAR0","0",7.61153308976427,"SOFT CORALS",18,5.44444444444445,1.90994916485113,1.38200910447476,25.3838406944343
"SEFCRI",2016,"NEAR0 / PROT = 0","NEAR0","0",7.61153308976427,"SPONGES",18,6.22222222222222,1.48729121278141,1.21954549434673,19.599838302001
"SEFCRI",2016,"NEAR0 / PROT = 0","NEAR0","0",7.61153308976427,"TURF ALGAE",18,58.705948372615,20.328428464275,4.50870585248971,7.6801516327993
"SEFCRI",2016,"NEAR1 / PROT = 0","NEAR1","0",11.2013996415552,"CCA",2,0,5e-09,7.07106781186548e-05,NA
"SEFCRI",2016,"NEAR1 / PROT = 0","NEAR1","0",11.2013996415552,"HARD CORALS",2,7,9,3,42.8571428571429
"SEFCRI",2016,"NEAR1 / PROT = 0","NEAR1","0",11.2013996415552,"MACROALGAE",2,17,4,2,11.7647058823529
"SEFCRI",2016,"NEAR1 / PROT = 0","NEAR1","0",11.2013996415552,"OTHER",2,6.5,20.25,4.5,69.2307692307692
"SEFCRI",2016,"NEAR1 / PROT = 0","NEAR1","0",11.2013996415552,"RAMICRUSTA SPP.",2,0,5e-09,7.07106781186548e-05,NA
"SEFCRI",2016,"NEAR1 / PROT = 0","NEAR1","0",11.2013996415552,"SOFT CORALS",2,11,16,4,36.3636363636364
"SEFCRI",2016,"NEAR1 / PROT = 0","NEAR1","0",11.2013996415552,"SPONGES",2,16.5,132.25,11.5,69.6969696969697
"SEFCRI",2016,"NEAR1 / PROT = 0","NEAR1","0",11.2013996415552,"TURF ALGAE",2,42,36,6,14.2857142857143
"SEFCRI",2016,"OFFR0 / PROT = 0","OFFR0","0",23.812499238,"CCA",4,0,2.5e-09,5e-05,NA
"SEFCRI",2016,"OFFR0 / PROT = 0","OFFR0","0",23.812499238,"HARD CORALS",4,3.5,6.41666666666667,2.53311402559511,72.3746864455746
"SEFCRI",2016,"OFFR0 / PROT = 0","OFFR0","0",23.812499238,"MACROALGAE",4,13.5,83.4166666666667,9.13327250588017,67.6538704139272
"SEFCRI",2016,"OFFR0 / PROT = 0","OFFR0","0",23.812499238,"OTHER",4,22.5,162.416666666667,12.7442797625706,56.6412433892027
"SEFCRI",2016,"OFFR0 / PROT = 0","OFFR0","0",23.812499238,"RAMICRUSTA SPP.",4,0,2.5e-09,5e-05,NA
"SEFCRI",2016,"OFFR0 / PROT = 0","OFFR0","0",23.812499238,"SOFT CORALS",4,16,54.5,7.3824115301167,46.1400720632294
"SEFCRI",2016,"OFFR0 / PROT = 0","OFFR0","0",23.812499238,"SPONGES",4,14,9.16666666666667,3.02765035409749,21.6260739578392
"SEFCRI",2016,"OFFR0 / PROT = 0","OFFR0","0",23.812499238,"TURF ALGAE",4,30.5,21.4166666666667,4.62781445897161,15.1731621605626
"SEFCRI",2016,"OFFR1 / PROT = 0","OFFR1","0",19.3166993818656,"CCA",24,1.04166666666667,0.284344806763285,0.533239914825667,51.1910318232641
"SEFCRI",2016,"OFFR1 / PROT = 0","OFFR1","0",19.3166993818656,"HARD CORALS",24,1.875,0.160552536231884,0.400690075035412,21.370137335222
"SEFCRI",2016,"OFFR1 / PROT = 0","OFFR1","0",19.3166993818656,"MACROALGAE",24,21.625,16.9775815217391,4.12038608891681,19.0538085036615
"SEFCRI",2016,"OFFR1 / PROT = 0","OFFR1","0",19.3166993818656,"OTHER",24,10.5,6.69927536231884,2.58829584134404,24.6504365842289
"SEFCRI",2016,"OFFR1 / PROT = 0","OFFR1","0",19.3166993818656,"RAMICRUSTA SPP.",24,0,4.16666666666667e-10,2.04124145231932e-05,NA
"SEFCRI",2016,"OFFR1 / PROT = 0","OFFR1","0",19.3166993818656,"SOFT CORALS",24,18.9166666666667,8.19535024154589,2.86275221448624,15.1334918827467
"SEFCRI",2016,"OFFR1 / PROT = 0","OFFR1","0",19.3166993818656,"SPONGES",24,14.75,4.16757246376812,2.04146331433316,13.8404292497163
"SEFCRI",2016,"OFFR1 / PROT = 0","OFFR1","0",19.3166993818656,"TURF ALGAE",24,31.2916666666667,17.2915911835749,4.15831590714016,13.2888923796756
"SEFCRI",2018,"DPRC0 / PROT = 0","DPRC0","0",25.145999195328,"CCA",13,0.230769230769231,0.014792899408284,0.12162606385263,52.704627669473
"SEFCRI",2018,"DPRC0 / PROT = 0","DPRC0","0",25.145999195328,"HARD CORALS",13,0.538461538461538,0.0463510848126233,0.215293020817265,39.9829895803492
"SEFCRI",2018,"DPRC0 / PROT = 0","DPRC0","0",25.145999195328,"MACROALGAE",13,33.4565756823821,21.2059799641645,4.60499511011299,13.7640957455725
"SEFCRI",2018,"DPRC0 / PROT = 0","DPRC0","0",25.145999195328,"OTHER",13,36.5434243176179,55.4102810394334,7.44380823499863,20.3697611102359
"SEFCRI",2018,"DPRC0 / PROT = 0","DPRC0","0",25.145999195328,"RAMICRUSTA SPP.",13,0,7.69230769230769e-10,2.77350098112615e-05,NA
"SEFCRI",2018,"DPRC0 / PROT = 0","DPRC0","0",25.145999195328,"SOFT CORALS",13,1.53846153846154,0.520710059171598,0.72160242458822,46.9041575982343
"SEFCRI",2018,"DPRC0 / PROT = 0","DPRC0","0",25.145999195328,"SPONGES",13,4.46153846153846,2.23865877712032,1.49621481650207,33.5358493353912
"SEFCRI",2018,"DPRC0 / PROT = 0","DPRC0","0",25.145999195328,"TURF ALGAE",13,23.2307692307692,26.9891518737673,5.19510845640082,22.3630496467585
"SEFCRI",2018,"DPRC1 / PROT = 0","DPRC1","0",23.9703420900919,"CCA",7,1.14285714285714,0.401360544217687,0.633530223602384,55.4338945652086
"SEFCRI",2018,"DPRC1 / PROT = 0","DPRC1","0",23.9703420900919,"HARD CORALS",7,1.71428571428571,0.414965986394558,0.644178536117556,37.5770812735241
"SEFCRI",2018,"DPRC1 / PROT = 0","DPRC1","0",23.9703420900919,"MACROALGAE",7,16.8571428571429,11.8299319727891,3.4394668151894,20.4036167002761
"SEFCRI",2018,"DPRC1 / PROT = 0","DPRC1","0",23.9703420900919,"OTHER",7,28.4285714285714,60.2312925170068,7.76088219966047,27.2995856269464
"SEFCRI",2018,"DPRC1 / PROT = 0","DPRC1","0",23.9703420900919,"RAMICRUSTA SPP.",7,0,1.42857142857143e-09,3.77964473009227e-05,NA
"SEFCRI",2018,"DPRC1 / PROT = 0","DPRC1","0",23.9703420900919,"SOFT CORALS",7,3.57142857142857,1.61224489795918,1.26974205961651,35.5527776692624
"SEFCRI",2018,"DPRC1 / PROT = 0","DPRC1","0",23.9703420900919,"SPONGES",7,8.42857142857143,2.18367346938776,1.47772577611266,17.5323397165908
"SEFCRI",2018,"DPRC1 / PROT = 0","DPRC1","0",23.9703420900919,"TURF ALGAE",7,39.8571428571429,32.8299319727891,5.72974100398867,14.3756942752404
"SEFCRI",2018,"INNR0 / PROT = 0","INNR0","0",8.91539971470721,"CCA",4,1.5,0.0833333333333333,0.288675134594813,19.2450089729875
"SEFCRI",2018,"INNR0 / PROT = 0","INNR0","0",8.91539971470721,"HARD CORALS",4,2.5,0.416666666666667,0.645497224367903,25.8198889747161
"SEFCRI",2018,"INNR0 / PROT = 0","INNR0","0",8.91539971470721,"MACROALGAE",4,36.75,20.3958333333333,4.51617463494641,12.2889105712827
"SEFCRI",2018,"INNR0 / PROT = 0","INNR0","0",8.91539971470721,"OTHER",4,14.25,21.0625,4.58938993767145,32.2062451766418
"SEFCRI",2018,"INNR0 / PROT = 0","INNR0","0",8.91539971470721,"RAMICRUSTA SPP.",4,0,2.5e-09,5e-05,NA
"SEFCRI",2018,"INNR0 / PROT = 0","INNR0","0",8.91539971470721,"SOFT CORALS",4,8.5,6.41666666666667,2.53311402559511,29.8013414775895
"SEFCRI",2018,"INNR0 / PROT = 0","INNR0","0",8.91539971470721,"SPONGES",4,7.75,1.39583333333333,1.18145390656315,15.2445665362987
"SEFCRI",2018,"INNR0 / PROT = 0","INNR0","0",8.91539971470721,"TURF ALGAE",4,28.75,49.5625,7.04006392016436,24.4871788527456
"SEFCRI",2018,"INNR1 / PROT = 0","INNR1","0",9.23543970446593,"CCA",5,0.8,0.34,0.58309518948453,72.8868986855663
"SEFCRI",2018,"INNR1 / PROT = 0","INNR1","0",9.23543970446593,"HARD CORALS",5,1.8,0.24,0.489897948556636,27.2165526975909
"SEFCRI",2018,"INNR1 / PROT = 0","INNR1","0",9.23543970446593,"MACROALGAE",5,35,12.4,3.5213633723318,10.0610382066623
"SEFCRI",2018,"INNR1 / PROT = 0","INNR1","0",9.23543970446593,"OTHER",5,7.4,4.06,2.01494416796099,27.2289752427161
"SEFCRI",2018,"INNR1 / PROT = 0","INNR1","0",9.23543970446593,"RAMICRUSTA SPP.",5,0,2e-09,4.47213595499958e-05,NA
"SEFCRI",2018,"INNR1 / PROT = 0","INNR1","0",9.23543970446593,"SOFT CORALS",5,11,7.8,2.79284800875379,25.3895273523072
"SEFCRI",2018,"INNR1 / PROT = 0","INNR1","0",9.23543970446593,"SPONGES",5,7.4,2.66,1.63095064303001,22.0398735544596
"SEFCRI",2018,"INNR1 / PROT = 0","INNR1","0",9.23543970446593,"TURF ALGAE",5,36.6,48.66,6.97567201063811,19.05921314382
"SEFCRI",2018,"MIDR0 / PROT = 0","MIDR0","0",15.811499494032,"CCA",4,1.25,0.395833333333333,0.629152869605896,50.3322295684717
"SEFCRI",2018,"MIDR0 / PROT = 0","MIDR0","0",15.811499494032,"HARD CORALS",4,0.25,0.0625,0.25,100
"SEFCRI",2018,"MIDR0 / PROT = 0","MIDR0","0",15.811499494032,"MACROALGAE",4,9.25,4.39583333333333,2.09662427090152,22.6662083340705
"SEFCRI",2018,"MIDR0 / PROT = 0","MIDR0","0",15.811499494032,"OTHER",4,22.5,35.75,5.9791303715507,26.5739127624475
"SEFCRI",2018,"MIDR0 / PROT = 0","MIDR0","0",15.811499494032,"RAMICRUSTA SPP.",4,0,2.5e-09,5e-05,NA
"SEFCRI",2018,"MIDR0 / PROT = 0","MIDR0","0",15.811499494032,"SOFT CORALS",4,11,11.3333333333333,3.36650164612069,30.604560419279
"SEFCRI",2018,"MIDR0 / PROT = 0","MIDR0","0",15.811499494032,"SPONGES",4,9,9,3,33.3333333333333
"SEFCRI",2018,"MIDR0 / PROT = 0","MIDR0","0",15.811499494032,"TURF ALGAE",4,46.75,9.5625,3.09232921921325,6.61460795553635
"SEFCRI",2018,"MIDR1 / PROT = 0","MIDR1","0",17.5640994379488,"CCA",4,3,5.5,2.34520787991171,78.1735959970572
"SEFCRI",2018,"MIDR1 / PROT = 0","MIDR1","0",17.5640994379488,"HARD CORALS",4,1,0.333333333333333,0.577350269189626,57.7350269189626
"SEFCRI",2018,"MIDR1 / PROT = 0","MIDR1","0",17.5640994379488,"MACROALGAE",4,23,57.5,7.58287544405155,32.9690236697894
"SEFCRI",2018,"MIDR1 / PROT = 0","MIDR1","0",17.5640994379488,"OTHER",4,19.75,22.7291666666667,4.76751158012927,24.139299139895
"SEFCRI",2018,"MIDR1 / PROT = 0","MIDR1","0",17.5640994379488,"RAMICRUSTA SPP.",4,0,2.5e-09,5e-05,NA
"SEFCRI",2018,"MIDR1 / PROT = 0","MIDR1","0",17.5640994379488,"SOFT CORALS",4,10,8.83333333333333,2.97209241668783,29.7209241668783
"SEFCRI",2018,"MIDR1 / PROT = 0","MIDR1","0",17.5640994379488,"SPONGES",4,14.25,10.2291666666667,3.19830684373258,22.4442585525093
"SEFCRI",2018,"MIDR1 / PROT = 0","MIDR1","0",17.5640994379488,"TURF ALGAE",4,29,5.16666666666667,2.27303028283098,7.83803545803785
"SEFCRI",2018,"NEAR0 / PROT = 0","NEAR0","0",8.17879973827841,"CCA",6,0.666666666666667,0.177777777777778,0.421637021355784,63.2455532033676
"SEFCRI",2018,"NEAR0 / PROT = 0","NEAR0","0",8.17879973827841,"HARD CORALS",6,0.166666666666667,0.0277777777777778,0.166666666666667,100
"SEFCRI",2018,"NEAR0 / PROT = 0","NEAR0","0",8.17879973827841,"MACROALGAE",6,27.1666666666667,67.6944444444444,8.22766336479832,30.2858774164355
"SEFCRI",2018,"NEAR0 / PROT = 0","NEAR0","0",8.17879973827841,"OTHER",6,16.3333333333333,17.2444444444444,4.15264306730598,25.4243453100366
"SEFCRI",2018,"NEAR0 / PROT = 0","NEAR0","0",8.17879973827841,"RAMICRUSTA SPP.",6,0,1.66666666666667e-09,4.08248290463863e-05,NA
"SEFCRI",2018,"NEAR0 / PROT = 0","NEAR0","0",8.17879973827841,"SOFT CORALS",6,4.5,5.71666666666667,2.39095517872391,53.1323373049757
"SEFCRI",2018,"NEAR0 / PROT = 0","NEAR0","0",8.17879973827841,"SPONGES",6,4.83333333333333,4.76111111111111,2.18199704654042,45.1447664801466
"SEFCRI",2018,"NEAR0 / PROT = 0","NEAR0","0",8.17879973827841,"TURF ALGAE",6,46.3333333333333,101.044444444444,10.0520865716748,21.6951508741182
"SEFCRI",2018,"NEAR1 / PROT = 0","NEAR1","0",9.62297112063635,"CCA",7,1.14285714285714,0.210884353741497,0.459221464809188,40.181878170804
"SEFCRI",2018,"NEAR1 / PROT = 0","NEAR1","0",9.62297112063635,"HARD CORALS",7,0.857142857142857,0.210884353741497,0.459221464809188,53.575837561072
"SEFCRI",2018,"NEAR1 / PROT = 0","NEAR1","0",9.62297112063635,"MACROALGAE",7,35,100.142857142857,10.007140307943,28.5918294512657
"SEFCRI",2018,"NEAR1 / PROT = 0","NEAR1","0",9.62297112063635,"OTHER",7,9.57142857142857,5.13605442176871,2.26628648272206,23.6776199687379
"SEFCRI",2018,"NEAR1 / PROT = 0","NEAR1","0",9.62297112063635,"RAMICRUSTA SPP.",7,0,1.42857142857143e-09,3.77964473009227e-05,NA
"SEFCRI",2018,"NEAR1 / PROT = 0","NEAR1","0",9.62297112063635,"SOFT CORALS",7,9.14285714285714,23.1156462585034,4.80787336132134,52.5861148894522
"SEFCRI",2018,"NEAR1 / PROT = 0","NEAR1","0",9.62297112063635,"SPONGES",7,9.85714285714286,11.4489795918367,3.38363408066486,34.3267225574696
"SEFCRI",2018,"NEAR1 / PROT = 0","NEAR1","0",9.62297112063635,"TURF ALGAE",7,34.4285714285714,46.8503401360544,6.84473083006588,19.8809609172038
"SEFCRI",2018,"OFFR0 / PROT = 0","OFFR0","0",18.4403994099072,"CCA",5,1,0.6,0.774596669241483,77.4596669241483
"SEFCRI",2018,"OFFR0 / PROT = 0","OFFR0","0",18.4403994099072,"HARD CORALS",5,1,0.3,0.547722557505166,54.7722557505166
"SEFCRI",2018,"OFFR0 / PROT = 0","OFFR0","0",18.4403994099072,"MACROALGAE",5,10.2,8.74,2.9563490998189,28.9838147041068
"SEFCRI",2018,"OFFR0 / PROT = 0","OFFR0","0",18.4403994099072,"OTHER",5,29.4,160.46,12.667280686872,43.0859887308571
"SEFCRI",2018,"OFFR0 / PROT = 0","OFFR0","0",18.4403994099072,"RAMICRUSTA SPP.",5,0,2e-09,4.47213595499958e-05,NA
"SEFCRI",2018,"OFFR0 / PROT = 0","OFFR0","0",18.4403994099072,"SOFT CORALS",5,10.2,22.74,4.76864760702655,46.7514471277112
"SEFCRI",2018,"OFFR0 / PROT = 0","OFFR0","0",18.4403994099072,"SPONGES",5,13.8,13.84,3.72021504754765,26.9580800546932
"SEFCRI",2018,"OFFR0 / PROT = 0","OFFR0","0",18.4403994099072,"TURF ALGAE",5,34.4,31.96,5.65331761004103,16.4340628198867
"SEFCRI",2018,"OFFR1 / PROT = 0","OFFR1","0",21.1766720496192,"CCA",22,0.954545454545454,0.114620228256592,0.338556093220299,35.4677811945075
"SEFCRI",2018,"OFFR1 / PROT = 0","OFFR1","0",21.1766720496192,"HARD CORALS",22,1.36363636363636,0.0586383313656041,0.242153528501247,17.7579254234248
"SEFCRI",2018,"OFFR1 / PROT = 0","OFFR1","0",21.1766720496192,"MACROALGAE",22,18,10.1385281385281,3.18410554764256,17.6894752646809
"SEFCRI",2018,"OFFR1 / PROT = 0","OFFR1","0",21.1766720496192,"OTHER",22,21.0454545454545,5.49124360487997,2.34334026655968,11.1346621737177
"SEFCRI",2018,"OFFR1 / PROT = 0","OFFR1","0",21.1766720496192,"RAMICRUSTA SPP.",22,0,4.54545454545455e-10,2.1320071635561e-05,NA
"SEFCRI",2018,"OFFR1 / PROT = 0","OFFR1","0",21.1766720496192,"SOFT CORALS",22,9.45454545454546,2.48366784730421,1.57596568722298,16.6688678456277
"SEFCRI",2018,"OFFR1 / PROT = 0","OFFR1","0",21.1766720496192,"SPONGES",22,13.7272727272727,2.18260527351436,1.47736429952614,10.7622564866143
"SEFCRI",2018,"OFFR1 / PROT = 0","OFFR1","0",21.1766720496192,"TURF ALGAE",22,35.4545454545455,16.5312868949233,4.06586852897671,11.4678343124984
"SEFCRI",2020,"DPRC0 / PROT = 0","DPRC0","0",24.256999223776,"CCA",6,3,1.2,1.09544511501033,36.5148371670111
"SEFCRI",2020,"DPRC0 / PROT = 0","DPRC0","0",24.256999223776,"HARD CORALS",6,0.666666666666667,0.244444444444444,0.494413232473044,74.1619848709566
"SEFCRI",2020,"DPRC0 / PROT = 0","DPRC0","0",24.256999223776,"MACROALGAE",6,19.3333333333333,23.2444444444444,4.82124926180388,24.9374961817442
"SEFCRI",2020,"DPRC0 / PROT = 0","DPRC0","0",24.256999223776,"OTHER",6,24,121.4,11.0181668166715,45.9090284027977
"SEFCRI",2020,"DPRC0 / PROT = 0","DPRC0","0",24.256999223776,"RAMICRUSTA SPP.",6,0,1.66666666666667e-09,4.08248290463863e-05,NA
"SEFCRI",2020,"DPRC0 / PROT = 0","DPRC0","0",24.256999223776,"SOFT CORALS",6,0,1.66666666666667e-09,4.08248290463863e-05,NA
"SEFCRI",2020,"DPRC0 / PROT = 0","DPRC0","0",24.256999223776,"SPONGES",6,5,3.06666666666667,1.75119007154183,35.0238014308365
"SEFCRI",2020,"DPRC0 / PROT = 0","DPRC0","0",24.256999223776,"TURF ALGAE",6,48,54.4666666666667,7.3801535666046,15.3753199304263
"SEFCRI",2020,"DPRC1 / PROT = 0","DPRC1","0",28.8035990782848,"CCA",1,0,NA,NA,NA
"SEFCRI",2020,"DPRC1 / PROT = 0","DPRC1","0",28.8035990782848,"HARD CORALS",1,0,NA,NA,NA
"SEFCRI",2020,"DPRC1 / PROT = 0","DPRC1","0",28.8035990782848,"MACROALGAE",1,52,NA,NA,NA
"SEFCRI",2020,"DPRC1 / PROT = 0","DPRC1","0",28.8035990782848,"OTHER",1,0,NA,NA,NA
"SEFCRI",2020,"DPRC1 / PROT = 0","DPRC1","0",28.8035990782848,"RAMICRUSTA SPP.",1,0,NA,NA,NA
"SEFCRI",2020,"DPRC1 / PROT = 0","DPRC1","0",28.8035990782848,"SOFT CORALS",1,0,NA,NA,NA
"SEFCRI",2020,"DPRC1 / PROT = 0","DPRC1","0",28.8035990782848,"SPONGES",1,0,NA,NA,NA
"SEFCRI",2020,"DPRC1 / PROT = 0","DPRC1","0",28.8035990782848,"TURF ALGAE",1,48,NA,NA,NA
"SEFCRI",2020,"INNR0 / PROT = 0","INNR0","0",9.86245682725852,"CCA",7,1.28571428571429,0.653061224489796,0.808122035641769,62.8539361054709
"SEFCRI",2020,"INNR0 / PROT = 0","INNR0","0",9.86245682725852,"HARD CORALS",7,0.857142857142857,0.306122448979592,0.553283335172488,64.5497224367903
"SEFCRI",2020,"INNR0 / PROT = 0","INNR0","0",9.86245682725852,"MACROALGAE",7,4.28571428571429,1.17687074829932,1.08483673808519,25.3128572219878
"SEFCRI",2020,"INNR0 / PROT = 0","INNR0","0",9.86245682725852,"OTHER",7,17,52.6190476190476,7.25389878748302,42.6699928675472
"SEFCRI",2020,"INNR0 / PROT = 0","INNR0","0",9.86245682725852,"RAMICRUSTA SPP.",7,0.142857142857143,0.0204081632653061,0.142857142857143,100
"SEFCRI",2020,"INNR0 / PROT = 0","INNR0","0",9.86245682725852,"SOFT CORALS",7,5.42857142857143,4.37414965986395,2.0914467862855,38.5266513263118
"SEFCRI",2020,"INNR0 / PROT = 0","INNR0","0",9.86245682725852,"SPONGES",7,4.28571428571429,1.60544217687075,1.26706044720477,29.5647437681113
"SEFCRI",2020,"INNR0 / PROT = 0","INNR0","0",9.86245682725852,"TURF ALGAE",7,66.7142857142857,37.2244897959184,6.10118757258932,9.14524903814245
"SEFCRI",2020,"INNR1 / PROT = 0","INNR1","0",9.38783969958913,"CCA",5,1.8,0.54,0.734846922834953,40.8248290463863
"SEFCRI",2020,"INNR1 / PROT = 0","INNR1","0",9.38783969958913,"HARD CORALS",5,3,1.4,1.18321595661992,39.4405318873308
"SEFCRI",2020,"INNR1 / PROT = 0","INNR1","0",9.38783969958913,"MACROALGAE",5,12.6,27.86,5.27825728815866,41.8909308584021
"SEFCRI",2020,"INNR1 / PROT = 0","INNR1","0",9.38783969958913,"OTHER",5,6.4,7.06,2.65706605111728,41.5166570487076
"SEFCRI",2020,"INNR1 / PROT = 0","INNR1","0",9.38783969958913,"RAMICRUSTA SPP.",5,0.8,0.34,0.58309518948453,72.8868986855663
"SEFCRI",2020,"INNR1 / PROT = 0","INNR1","0",9.38783969958913,"SOFT CORALS",5,6.6,2.16,1.46969384566991,22.2680885707562
"SEFCRI",2020,"INNR1 / PROT = 0","INNR1","0",9.38783969958913,"SPONGES",5,7.4,2.06,1.43527000944073,19.395540668118
"SEFCRI",2020,"INNR1 / PROT = 0","INNR1","0",9.38783969958913,"TURF ALGAE",5,61.4,78.26,8.84646822183859,14.4079287000629
"SEFCRI",2020,"MIDR0 / PROT = 0","MIDR0","0",12.5983995968512,"CCA",6,0.333333333333333,0.0444444444444445,0.210818510677892,63.2455532033676
"SEFCRI",2020,"MIDR0 / PROT = 0","MIDR0","0",12.5983995968512,"HARD CORALS",6,0.666666666666667,0.244444444444444,0.494413232473044,74.1619848709566
"SEFCRI",2020,"MIDR0 / PROT = 0","MIDR0","0",12.5983995968512,"MACROALGAE",6,4.33333333333333,3.51111111111111,1.87379590967403,43.2414440694006
"SEFCRI",2020,"MIDR0 / PROT = 0","MIDR0","0",12.5983995968512,"OTHER",6,5,3.86666666666667,1.96638416050035,39.327683210007
"SEFCRI",2020,"MIDR0 / PROT = 0","MIDR0","0",12.5983995968512,"RAMICRUSTA SPP.",6,0,1.66666666666667e-09,4.08248290463863e-05,NA
"SEFCRI",2020,"MIDR0 / PROT = 0","MIDR0","0",12.5983995968512,"SOFT CORALS",6,8,11.0666666666667,3.32665998663324,41.5832498329155
"SEFCRI",2020,"MIDR0 / PROT = 0","MIDR0","0",12.5983995968512,"SPONGES",6,7.5,0.783333333333333,0.885061203156784,11.8008160420904
"SEFCRI",2020,"MIDR0 / PROT = 0","MIDR0","0",12.5983995968512,"TURF ALGAE",6,74.1666666666667,15.7611111111111,3.97002658821211,5.3528448380388
"SEFCRI",2020,"MIDR1 / PROT = 0","MIDR1","0",16.7204566078025,"CCA",7,0.571428571428571,0.0884353741496599,0.29738085706659,52.0416499866533
"SEFCRI",2020,"MIDR1 / PROT = 0","MIDR1","0",16.7204566078025,"HARD CORALS",7,0.428571428571429,0.0884353741496599,0.29738085706659,69.3888666488711
"SEFCRI",2020,"MIDR1 / PROT = 0","MIDR1","0",16.7204566078025,"MACROALGAE",7,17.2857142857143,12.6054421768707,3.55041436692546,20.5395872466762
"SEFCRI",2020,"MIDR1 / PROT = 0","MIDR1","0",16.7204566078025,"OTHER",7,14.4285714285714,17.421768707483,4.17393923140754,28.9282917028246
"SEFCRI",2020,"MIDR1 / PROT = 0","MIDR1","0",16.7204566078025,"RAMICRUSTA SPP.",7,0.285714285714286,0.0816326530612245,0.285714285714286,100
"SEFCRI",2020,"MIDR1 / PROT = 0","MIDR1","0",16.7204566078025,"SOFT CORALS",7,14,7.61904761904762,2.76026223736942,19.716158838353
"SEFCRI",2020,"MIDR1 / PROT = 0","MIDR1","0",16.7204566078025,"SPONGES",7,7,1.42857142857143,1.19522860933439,17.0746944190628
"SEFCRI",2020,"MIDR1 / PROT = 0","MIDR1","0",16.7204566078025,"TURF ALGAE",7,46,41.5238095238095,6.44389707582372,14.0084719039646
"SEFCRI",2020,"NEAR0 / PROT = 0","NEAR0","0",5.76681581546189,"CCA",25,1.42,0.1214,0.348425027803687,24.536973788992
"SEFCRI",2020,"NEAR0 / PROT = 0","NEAR0","0",5.76681581546189,"HARD CORALS",25,1.08,0.143066666666667,0.378241545400114,35.0223653148254
"SEFCRI",2020,"NEAR0 / PROT = 0","NEAR0","0",5.76681581546189,"MACROALGAE",25,15.34,10.2489333333333,3.20139552903626,20.8695927577331
"SEFCRI",2020,"NEAR0 / PROT = 0","NEAR0","0",5.76681581546189,"OTHER",25,15.42,22.9214,4.78762989379923,31.0481834876733
"SEFCRI",2020,"NEAR0 / PROT = 0","NEAR0","0",5.76681581546189,"RAMICRUSTA SPP.",25,0.44,0.0469333333333333,0.216641024123626,49.2365963917331
"SEFCRI",2020,"NEAR0 / PROT = 0","NEAR0","0",5.76681581546189,"SOFT CORALS",25,3.44,0.670266666666667,0.818698153574727,23.7993649294979
"SEFCRI",2020,"NEAR0 / PROT = 0","NEAR0","0",5.76681581546189,"SPONGES",25,2.64,0.292933333333334,0.541233159861195,20.5012560553483
"SEFCRI",2020,"NEAR0 / PROT = 0","NEAR0","0",5.76681581546189,"TURF ALGAE",25,60.22,31.0717333333333,5.57420248406293,9.2563973498222
"SEFCRI",2020,"NEAR1 / PROT = 0","NEAR1","0",5.5625998219968,"CCA",6,0,1.66666666666667e-09,4.08248290463863e-05,NA
"SEFCRI",2020,"NEAR1 / PROT = 0","NEAR1","0",5.5625998219968,"HARD CORALS",6,1.16666666666667,1.36111111111111,1.16666666666667,100
"SEFCRI",2020,"NEAR1 / PROT = 0","NEAR1","0",5.5625998219968,"MACROALGAE",6,20.6666666666667,112.911111111111,10.6259640085552,51.415954880106
"SEFCRI",2020,"NEAR1 / PROT = 0","NEAR1","0",5.5625998219968,"OTHER",6,22.1666666666667,70.3611111111111,8.38815302144108,37.84129182605
"SEFCRI",2020,"NEAR1 / PROT = 0","NEAR1","0",5.5625998219968,"RAMICRUSTA SPP.",6,0,1.66666666666667e-09,4.08248290463863e-05,NA
"SEFCRI",2020,"NEAR1 / PROT = 0","NEAR1","0",5.5625998219968,"SOFT CORALS",6,3,6.86666666666667,2.62043253427114,87.3477511423713
"SEFCRI",2020,"NEAR1 / PROT = 0","NEAR1","0",5.5625998219968,"SPONGES",6,2.5,1.31666666666667,1.1474609652039,45.898438608156
"SEFCRI",2020,"NEAR1 / PROT = 0","NEAR1","0",5.5625998219968,"TURF ALGAE",6,50.5,149.383333333333,12.2222474747214,24.202470246973
"SEFCRI",2020,"OFFR0 / PROT = 0","OFFR0","0",20.0863193572378,"CCA",5,0.8,0.14,0.374165738677394,46.7707173346743
"SEFCRI",2020,"OFFR0 / PROT = 0","OFFR0","0",20.0863193572378,"HARD CORALS",5,0.6,0.06,0.244948974278318,40.8248290463863
"SEFCRI",2020,"OFFR0 / PROT = 0","OFFR0","0",20.0863193572378,"MACROALGAE",5,6.4,20.16,4.48998886412873,70.1560760020114
"SEFCRI",2020,"OFFR0 / PROT = 0","OFFR0","0",20.0863193572378,"OTHER",5,19.8,76.24,8.73155198117723,44.098747379683
"SEFCRI",2020,"OFFR0 / PROT = 0","OFFR0","0",20.0863193572378,"RAMICRUSTA SPP.",5,0,2e-09,4.47213595499958e-05,NA
"SEFCRI",2020,"OFFR0 / PROT = 0","OFFR0","0",20.0863193572378,"SOFT CORALS",5,6.4,5.36,2.31516738055805,36.1744903212195
"SEFCRI",2020,"OFFR0 / PROT = 0","OFFR0","0",20.0863193572378,"SPONGES",5,6,5.5,2.34520787991171,39.0867979985286
"SEFCRI",2020,"OFFR0 / PROT = 0","OFFR0","0",20.0863193572378,"TURF ALGAE",5,60,112.3,10.5971694333912,17.6619490556519
"SEFCRI",2020,"OFFR1 / PROT = 0","OFFR1","0",20.0596493580912,"CCA",16,0.9375,0.187239583333333,0.43271189414359,46.1559353753162
"SEFCRI",2020,"OFFR1 / PROT = 0","OFFR1","0",20.0596493580912,"HARD CORALS",16,0.625,0.0489583333333333,0.221265300789196,35.4024481262713
"SEFCRI",2020,"OFFR1 / PROT = 0","OFFR1","0",20.0596493580912,"MACROALGAE",16,13.125,11.665625,3.41549776752965,26.0228401335592
"SEFCRI",2020,"OFFR1 / PROT = 0","OFFR1","0",20.0596493580912,"OTHER",16,7.5625,7.12473958333333,2.66922078205107,35.2954814155514
"SEFCRI",2020,"OFFR1 / PROT = 0","OFFR1","0",20.0596493580912,"RAMICRUSTA SPP.",16,0.125,0.00729166666666667,0.0853912563829966,68.3130051063973
"SEFCRI",2020,"OFFR1 / PROT = 0","OFFR1","0",20.0596493580912,"SOFT CORALS",16,8.5625,4.98307291666667,2.23227975770661,26.0704205279604
"SEFCRI",2020,"OFFR1 / PROT = 0","OFFR1","0",20.0596493580912,"SPONGES",16,7.5,0.783333333333333,0.885061203156784,11.8008160420904
"SEFCRI",2020,"OFFR1 / PROT = 0","OFFR1","0",20.0596493580912,"TURF ALGAE",16,61.5625,32.5580729166667,5.70596818398654,9.26857776079032
"SEFCRI",2020,"PTDP0 / PROT = 0","PTDP0","0",20.1167993562624,"CCA",1,2,NA,NA,NA
"SEFCRI",2020,"PTDP0 / PROT = 0","PTDP0","0",20.1167993562624,"HARD CORALS",1,0,NA,NA,NA
"SEFCRI",2020,"PTDP0 / PROT = 0","PTDP0","0",20.1167993562624,"MACROALGAE",1,3,NA,NA,NA
"SEFCRI",2020,"PTDP0 / PROT = 0","PTDP0","0",20.1167993562624,"OTHER",1,39,NA,NA,NA
"SEFCRI",2020,"PTDP0 / PROT = 0","PTDP0","0",20.1167993562624,"RAMICRUSTA SPP.",1,0,NA,NA,NA
"SEFCRI",2020,"PTDP0 / PROT = 0","PTDP0","0",20.1167993562624,"SOFT CORALS",1,0,NA,NA,NA
"SEFCRI",2020,"PTDP0 / PROT = 0","PTDP0","0",20.1167993562624,"SPONGES",1,10,NA,NA,NA
"SEFCRI",2020,"PTDP0 / PROT = 0","PTDP0","0",20.1167993562624,"TURF ALGAE",1,46,NA,NA,NA
"SEFCRI",2020,"PTDP1 / PROT = 0","PTDP1","0",24.4057706475867,"CCA",7,1.85714285714286,0.639455782312925,0.799659791606984,43.058604163453
"SEFCRI",2020,"PTDP1 / PROT = 0","PTDP1","0",24.4057706475867,"HARD CORALS",7,0.857142857142857,0.210884353741497,0.459221464809188,53.575837561072
"SEFCRI",2020,"PTDP1 / PROT = 0","PTDP1","0",24.4057706475867,"MACROALGAE",7,16.2857142857143,32.843537414966,5.73092814603062,35.1899096686091
"SEFCRI",2020,"PTDP1 / PROT = 0","PTDP1","0",24.4057706475867,"OTHER",7,28.8571428571429,169.544217687075,13.0209146255966,45.1219813758297
"SEFCRI",2020,"PTDP1 / PROT = 0","PTDP1","0",24.4057706475867,"RAMICRUSTA SPP.",7,0.571428571428572,0.183673469387755,0.428571428571429,75
"SEFCRI",2020,"PTDP1 / PROT = 0","PTDP1","0",24.4057706475867,"SOFT CORALS",7,7.71428571428571,9.93877551020408,3.15258235581627,40.8668083161369
"SEFCRI",2020,"PTDP1 / PROT = 0","PTDP1","0",24.4057706475867,"SPONGES",7,6.14285714285714,5.68707482993197,2.38475886200932,38.8216558931749
"SEFCRI",2020,"PTDP1 / PROT = 0","PTDP1","0",24.4057706475867,"TURF ALGAE",7,37.7142857142857,79.1292517006803,8.89546242196999,23.5864533915871
"SEFCRI",2020,"PTSH2 / PROT = 0","PTSH2","0",14.9351995220736,"CCA",6,0.333333333333333,0.0444444444444445,0.210818510677892,63.2455532033676
"SEFCRI",2020,"PTSH2 / PROT = 0","PTSH2","0",14.9351995220736,"HARD CORALS",6,0,1.66666666666667e-09,4.08248290463863e-05,NA
"SEFCRI",2020,"PTSH2 / PROT = 0","PTSH2","0",14.9351995220736,"MACROALGAE",6,4,4.13333333333333,2.03306009093025,50.8265022732564
"SEFCRI",2020,"PTSH2 / PROT = 0","PTSH2","0",14.9351995220736,"OTHER",6,28.8333333333333,155.227777777778,12.4590440154041,43.2105572788583
"SEFCRI",2020,"PTSH2 / PROT = 0","PTSH2","0",14.9351995220736,"RAMICRUSTA SPP.",6,0,1.66666666666667e-09,4.08248290463863e-05,NA
"SEFCRI",2020,"PTSH2 / PROT = 0","PTSH2","0",14.9351995220736,"SOFT CORALS",6,4.66666666666667,11.1777777777778,3.34331837816529,71.6425366749705
"SEFCRI",2020,"PTSH2 / PROT = 0","PTSH2","0",14.9351995220736,"SPONGES",6,8.83333333333333,6.09444444444444,2.46869286150474,27.9474663566574
"SEFCRI",2020,"PTSH2 / PROT = 0","PTSH2","0",14.9351995220736,"TURF ALGAE",6,53.3333333333333,122.644444444444,11.0744952230088,20.7646785431415
"SEFCRI",2022,"DPRC0 / PROT = 0","DPRC0","0",26.2362453142863,"CCA",13,0,7.69230769230769e-10,2.77350098112615e-05,NA
"SEFCRI",2022,"DPRC0 / PROT = 0","DPRC0","0",26.2362453142863,"HARD CORALS",13,0,7.69230769230769e-10,2.77350098112615e-05,NA
"SEFCRI",2022,"DPRC0 / PROT = 0","DPRC0","0",26.2362453142863,"MACROALGAE",13,65.4615384615385,56.0078895463511,7.48384189747158,11.4324259303326
"SEFCRI",2022,"DPRC0 / PROT = 0","DPRC0","0",26.2362453142863,"OTHER",13,28,53.7435897435897,7.33100196041372,26.1821498586204
"SEFCRI",2022,"DPRC0 / PROT = 0","DPRC0","0",26.2362453142863,"RAMICRUSTA SPP.",13,0,7.69230769230769e-10,2.77350098112615e-05,NA
"SEFCRI",2022,"DPRC0 / PROT = 0","DPRC0","0",26.2362453142863,"SOFT CORALS",13,0.923076923076923,0.198224852071006,0.445224496261163,48.2326537616259
"SEFCRI",2022,"DPRC0 / PROT = 0","DPRC0","0",26.2362453142863,"SPONGES",13,2.15384615384615,0.933925049309665,0.966397976668859,44.868477488197
"SEFCRI",2022,"DPRC0 / PROT = 0","DPRC0","0",26.2362453142863,"TURF ALGAE",13,3.46153846153846,3.78994082840237,1.94677703612981,56.2402254881945
"SEFCRI",2022,"DPRC1 / PROT = 0","DPRC1","0",26.8223991416832,"CCA",1,0,NA,NA,NA
"SEFCRI",2022,"DPRC1 / PROT = 0","DPRC1","0",26.8223991416832,"HARD CORALS",1,1,NA,NA,NA
"SEFCRI",2022,"DPRC1 / PROT = 0","DPRC1","0",26.8223991416832,"MACROALGAE",1,83,NA,NA,NA
"SEFCRI",2022,"DPRC1 / PROT = 0","DPRC1","0",26.8223991416832,"OTHER",1,2,NA,NA,NA
"SEFCRI",2022,"DPRC1 / PROT = 0","DPRC1","0",26.8223991416832,"RAMICRUSTA SPP.",1,0,NA,NA,NA
"SEFCRI",2022,"DPRC1 / PROT = 0","DPRC1","0",26.8223991416832,"SOFT CORALS",1,0,NA,NA,NA
"SEFCRI",2022,"DPRC1 / PROT = 0","DPRC1","0",26.8223991416832,"SPONGES",1,0,NA,NA,NA
"SEFCRI",2022,"DPRC1 / PROT = 0","DPRC1","0",26.8223991416832,"TURF ALGAE",1,14,NA,NA,NA
"SEFCRI",2022,"INNR0 / PROT = 0","INNR0","0",9.70279968951041,"CCA",3,0,3.33333333333333e-09,5.77350269189626e-05,NA
"SEFCRI",2022,"INNR0 / PROT = 0","INNR0","0",9.70279968951041,"HARD CORALS",3,0,3.33333333333333e-09,5.77350269189626e-05,NA
"SEFCRI",2022,"INNR0 / PROT = 0","INNR0","0",9.70279968951041,"MACROALGAE",3,11.6666666666667,12.1111111111111,3.48010216963685,29.8294471683159
"SEFCRI",2022,"INNR0 / PROT = 0","INNR0","0",9.70279968951041,"OTHER",3,1.66666666666667,1.44444444444444,1.20185042515466,72.1110255092798
"SEFCRI",2022,"INNR0 / PROT = 0","INNR0","0",9.70279968951041,"RAMICRUSTA SPP.",3,0,3.33333333333333e-09,5.77350269189626e-05,NA
"SEFCRI",2022,"INNR0 / PROT = 0","INNR0","0",9.70279968951041,"SOFT CORALS",3,8,36.3333333333333,6.02771377334171,75.3464221667713
"SEFCRI",2022,"INNR0 / PROT = 0","INNR0","0",9.70279968951041,"SPONGES",3,2.66666666666667,4.77777777777778,2.185812841434,81.967981553775
"SEFCRI",2022,"INNR0 / PROT = 0","INNR0","0",9.70279968951041,"TURF ALGAE",3,76,72.3333333333333,8.50490054811538,11.1906586159413
"SEFCRI",2022,"INNR1 / PROT = 0","INNR1","0",9.21433816667964,"CCA",13,0.153846153846154,0.0236686390532544,0.153846153846154,100
"SEFCRI",2022,"INNR1 / PROT = 0","INNR1","0",9.21433816667964,"HARD CORALS",13,2.23076923076923,0.604536489151874,0.777519446156734,34.8543200001294
"SEFCRI",2022,"INNR1 / PROT = 0","INNR1","0",9.21433816667964,"MACROALGAE",13,27.9230769230769,16.1597633136095,4.01992080937044,14.3964106120704
"SEFCRI",2022,"INNR1 / PROT = 0","INNR1","0",9.21433816667964,"OTHER",13,11.4615384615385,6.1232741617357,2.47452503760534,21.5898157643419
"SEFCRI",2022,"INNR1 / PROT = 0","INNR1","0",9.21433816667964,"RAMICRUSTA SPP.",13,0,7.69230769230769e-10,2.77350098112615e-05,NA
"SEFCRI",2022,"INNR1 / PROT = 0","INNR1","0",9.21433816667964,"SOFT CORALS",13,6.61538461538461,1.48126232741617,1.21707120885188,18.3975880407842
"SEFCRI",2022,"INNR1 / PROT = 0","INNR1","0",9.21433816667964,"SPONGES",13,5.84615384615385,0.818540433925049,0.904732244327044,15.4756831266468
"SEFCRI",2022,"INNR1 / PROT = 0","INNR1","0",9.21433816667964,"TURF ALGAE",13,45.7692307692308,18.8224852071006,4.33848881606264,9.4790511947587
"SEFCRI",2022,"MIDR0 / PROT = 0","MIDR0","0",12.618719596201,"CCA",5,0,2e-09,4.47213595499958e-05,NA
"SEFCRI",2022,"MIDR0 / PROT = 0","MIDR0","0",12.618719596201,"HARD CORALS",5,0.4,0.06,0.244948974278318,61.2372435695795
"SEFCRI",2022,"MIDR0 / PROT = 0","MIDR0","0",12.618719596201,"MACROALGAE",5,10,8.8,2.96647939483827,29.6647939483827
"SEFCRI",2022,"MIDR0 / PROT = 0","MIDR0","0",12.618719596201,"OTHER",5,14.6,28.76,5.36283507111677,36.7317470624436
"SEFCRI",2022,"MIDR0 / PROT = 0","MIDR0","0",12.618719596201,"RAMICRUSTA SPP.",5,0,2e-09,4.47213595499958e-05,NA
"SEFCRI",2022,"MIDR0 / PROT = 0","MIDR0","0",12.618719596201,"SOFT CORALS",5,4.6,2.06,1.43527000944073,31.2015219443638
"SEFCRI",2022,"MIDR0 / PROT = 0","MIDR0","0",12.618719596201,"SPONGES",5,9.4,2.96,1.72046505340853,18.302819717112
"SEFCRI",2022,"MIDR0 / PROT = 0","MIDR0","0",12.618719596201,"TURF ALGAE",5,61,19,4.35889894354067,7.1457359730175
"SEFCRI",2022,"MIDR1 / PROT = 0","MIDR1","0",17.2059594494093,"CCA",10,0.8,0.306666666666667,0.553774924194538,69.2218655243173
"SEFCRI",2022,"MIDR1 / PROT = 0","MIDR1","0",17.2059594494093,"HARD CORALS",10,0.4,0.0488888888888889,0.221108319357027,55.2770798392567
"SEFCRI",2022,"MIDR1 / PROT = 0","MIDR1","0",17.2059594494093,"MACROALGAE",10,27.9,33.3877777777778,5.77821579536259,20.7104508794358
"SEFCRI",2022,"MIDR1 / PROT = 0","MIDR1","0",17.2059594494093,"OTHER",10,9.1,5.23222222222222,2.28740512857304,25.1363200942092
"SEFCRI",2022,"MIDR1 / PROT = 0","MIDR1","0",17.2059594494093,"RAMICRUSTA SPP.",10,0,1e-09,3.16227766016838e-05,NA
"SEFCRI",2022,"MIDR1 / PROT = 0","MIDR1","0",17.2059594494093,"SOFT CORALS",10,8.9,10.0322222222222,3.16736834331314,35.588408351833
"SEFCRI",2022,"MIDR1 / PROT = 0","MIDR1","0",17.2059594494093,"SPONGES",10,12,6.97777777777778,2.64154836748786,22.0129030623988
"SEFCRI",2022,"MIDR1 / PROT = 0","MIDR1","0",17.2059594494093,"TURF ALGAE",10,40.9,55.01,7.41687265631546,18.1341629738764
"SEFCRI",2022,"NEAR0 / PROT = 0","NEAR0","0",7.07967250072321,"CCA",22,0.227272727272727,0.0126918536009445,0.112658127096737,49.5695759225642
"SEFCRI",2022,"NEAR0 / PROT = 0","NEAR0","0",7.07967250072321,"HARD CORALS",22,1.22727272727273,0.133903974813066,0.365928920438199,29.8164305542236
"SEFCRI",2022,"NEAR0 / PROT = 0","NEAR0","0",7.07967250072321,"MACROALGAE",22,32.1363636363636,18.7934868162141,4.33514553575934,13.4898446657292
"SEFCRI",2022,"NEAR0 / PROT = 0","NEAR0","0",7.07967250072321,"OTHER",22,19.2727272727273,26.1739472648564,5.11604801236818,26.5455321396462
"SEFCRI",2022,"NEAR0 / PROT = 0","NEAR0","0",7.07967250072321,"RAMICRUSTA SPP.",22,0,4.54545454545455e-10,2.1320071635561e-05,NA
"SEFCRI",2022,"NEAR0 / PROT = 0","NEAR0","0",7.07967250072321,"SOFT CORALS",22,6.18181818181818,2.8685556867375,1.69368110538481,27.3977825871072
"SEFCRI",2022,"NEAR0 / PROT = 0","NEAR0","0",7.07967250072321,"SPONGES",22,2.81818181818182,0.292798110979929,0.54110822483116,19.2006144294928
"SEFCRI",2022,"NEAR0 / PROT = 0","NEAR0","0",7.07967250072321,"TURF ALGAE",22,38.1363636363636,14.1268201495474,3.75856623588669,9.85559680447046
"SEFCRI",2022,"NEAR1 / PROT = 0","NEAR1","0",5.48639982443521,"CCA",1,0,NA,NA,NA
"SEFCRI",2022,"NEAR1 / PROT = 0","NEAR1","0",5.48639982443521,"HARD CORALS",1,2,NA,NA,NA
"SEFCRI",2022,"NEAR1 / PROT = 0","NEAR1","0",5.48639982443521,"MACROALGAE",1,28,NA,NA,NA
"SEFCRI",2022,"NEAR1 / PROT = 0","NEAR1","0",5.48639982443521,"OTHER",1,5,NA,NA,NA
"SEFCRI",2022,"NEAR1 / PROT = 0","NEAR1","0",5.48639982443521,"RAMICRUSTA SPP.",1,0,NA,NA,NA
"SEFCRI",2022,"NEAR1 / PROT = 0","NEAR1","0",5.48639982443521,"SOFT CORALS",1,15,NA,NA,NA
"SEFCRI",2022,"NEAR1 / PROT = 0","NEAR1","0",5.48639982443521,"SPONGES",1,6,NA,NA,NA
"SEFCRI",2022,"NEAR1 / PROT = 0","NEAR1","0",5.48639982443521,"TURF ALGAE",1,44,NA,NA,NA
"SEFCRI",2022,"OFFR0 / PROT = 0","OFFR0","0",21.6153993083072,"CCA",6,0,1.66666666666667e-09,4.08248290463863e-05,NA
"SEFCRI",2022,"OFFR0 / PROT = 0","OFFR0","0",21.6153993083072,"HARD CORALS",6,0.333333333333333,0.111111111111111,0.333333333333333,100
"SEFCRI",2022,"OFFR0 / PROT = 0","OFFR0","0",21.6153993083072,"MACROALGAE",6,7.16666666666667,8.49444444444444,2.91452302177294,40.6677630945061
"SEFCRI",2022,"OFFR0 / PROT = 0","OFFR0","0",21.6153993083072,"OTHER",6,31.3333333333333,112.977777777778,10.6291005159316,33.9226612210583
"SEFCRI",2022,"OFFR0 / PROT = 0","OFFR0","0",21.6153993083072,"RAMICRUSTA SPP.",6,0,1.66666666666667e-09,4.08248290463863e-05,NA
"SEFCRI",2022,"OFFR0 / PROT = 0","OFFR0","0",21.6153993083072,"SOFT CORALS",6,4,5.26666666666667,2.2949219304078,57.373048260195
"SEFCRI",2022,"OFFR0 / PROT = 0","OFFR0","0",21.6153993083072,"SPONGES",6,9.16666666666667,8.62777777777778,2.93730791334136,32.043359054633
"SEFCRI",2022,"OFFR0 / PROT = 0","OFFR0","0",21.6153993083072,"TURF ALGAE",6,48,129.333333333333,11.3724814061547,23.6926695961555
"SEFCRI",2022,"OFFR1 / PROT = 0","OFFR1","0",19.3547993806464,"CCA",23,0.0869565217391304,0.00360886750300739,0.0600738504093702,69.0849279707757
"SEFCRI",2022,"OFFR1 / PROT = 0","OFFR1","0",19.3547993806464,"HARD CORALS",23,1.1304347826087,0.0921120467434267,0.303499665145494,26.8480473013321
"SEFCRI",2022,"OFFR1 / PROT = 0","OFFR1","0",19.3547993806464,"MACROALGAE",23,28.4347826086957,6.13369994844475,2.47663076546439,8.70986354826927
"SEFCRI",2022,"OFFR1 / PROT = 0","OFFR1","0",19.3547993806464,"OTHER",23,7.91304347826087,3.58068396631724,1.89226952792599,23.9132962320317
"SEFCRI",2022,"OFFR1 / PROT = 0","OFFR1","0",19.3547993806464,"RAMICRUSTA SPP.",23,0.173913043478261,0.0144354700120296,0.12014770081874,69.0849279707757
"SEFCRI",2022,"OFFR1 / PROT = 0","OFFR1","0",19.3547993806464,"SOFT CORALS",23,12.5652173913043,3.24437188520364,1.80121400316665,14.3349211324682
"SEFCRI",2022,"OFFR1 / PROT = 0","OFFR1","0",19.3547993806464,"SPONGES",23,12.4347826086957,1.28785014607321,1.13483485409693,9.12629428119911
"SEFCRI",2022,"OFFR1 / PROT = 0","OFFR1","0",19.3547993806464,"TURF ALGAE",23,37.2608695652174,12.3170647877642,3.50956760695163,9.41890956358082
"SEFCRI",2022,"PTDP0 / PROT = 0","PTDP0","0",25.7047991774464,"CCA",3,0,3.33333333333333e-09,5.77350269189626e-05,NA
"SEFCRI",2022,"PTDP0 / PROT = 0","PTDP0","0",25.7047991774464,"HARD CORALS",3,0.333333333333333,0.111111111111111,0.333333333333333,100
"SEFCRI",2022,"PTDP0 / PROT = 0","PTDP0","0",25.7047991774464,"MACROALGAE",3,32.3333333333333,863.444444444444,29.3844252018726,90.8796655728018
"SEFCRI",2022,"PTDP0 / PROT = 0","PTDP0","0",25.7047991774464,"OTHER",3,35.3333333333333,327.444444444444,18.0954260641866,51.213469992981
"SEFCRI",2022,"PTDP0 / PROT = 0","PTDP0","0",25.7047991774464,"RAMICRUSTA SPP.",3,0,3.33333333333333e-09,5.77350269189626e-05,NA
"SEFCRI",2022,"PTDP0 / PROT = 0","PTDP0","0",25.7047991774464,"SOFT CORALS",3,3.66666666666667,13.4444444444444,3.66666666666667,100
"SEFCRI",2022,"PTDP0 / PROT = 0","PTDP0","0",25.7047991774464,"SPONGES",3,1.66666666666667,2.77777777777778,1.66666666666667,100
"SEFCRI",2022,"PTDP0 / PROT = 0","PTDP0","0",25.7047991774464,"TURF ALGAE",3,26.6666666666667,540.777777777778,23.2546291687865,87.2048593829495
"SEFCRI",2022,"PTDP1 / PROT = 0","PTDP1","0",24.0791992294656,"CCA",9,0.222222222222222,0.0216049382716049,0.146986183948033,66.1437827766148
"SEFCRI",2022,"PTDP1 / PROT = 0","PTDP1","0",24.0791992294656,"HARD CORALS",9,1.33333333333333,0.277777777777778,0.52704627669473,39.5284707521047
"SEFCRI",2022,"PTDP1 / PROT = 0","PTDP1","0",24.0791992294656,"MACROALGAE",9,26.2222222222222,19.5771604938272,4.42460851305821,16.8735070413237
"SEFCRI",2022,"PTDP1 / PROT = 0","PTDP1","0",24.0791992294656,"OTHER",9,17.7777777777778,12.6882716049383,3.56206002264677,20.0365876273881
"SEFCRI",2022,"PTDP1 / PROT = 0","PTDP1","0",24.0791992294656,"RAMICRUSTA SPP.",9,0,1.11111111111111e-09,3.33333333333333e-05,NA
"SEFCRI",2022,"PTDP1 / PROT = 0","PTDP1","0",24.0791992294656,"SOFT CORALS",9,11.2222222222222,4.96604938271605,2.2284634577924,19.8575951684471
"SEFCRI",2022,"PTDP1 / PROT = 0","PTDP1","0",24.0791992294656,"SPONGES",9,12.7777777777778,9.04938271604938,3.00821919348464,23.5425849924885
"SEFCRI",2022,"PTDP1 / PROT = 0","PTDP1","0",24.0791992294656,"TURF ALGAE",9,30.4444444444444,33.5308641975309,5.79058409813128,19.0201667456867
"SEFCRI",2022,"PTSH2 / PROT = 0","PTSH2","0",13.9826995525536,"CCA",4,0,2.5e-09,5e-05,NA
"SEFCRI",2022,"PTSH2 / PROT = 0","PTSH2","0",13.9826995525536,"HARD CORALS",4,2,2.83333333333333,1.68325082306035,84.1625411530173
"SEFCRI",2022,"PTSH2 / PROT = 0","PTSH2","0",13.9826995525536,"MACROALGAE",4,31.75,7.89583333333333,2.80995255001456,8.85024425201436
"SEFCRI",2022,"PTSH2 / PROT = 0","PTSH2","0",13.9826995525536,"OTHER",4,27.5,145.75,12.0726964676496,43.9007144278169
"SEFCRI",2022,"PTSH2 / PROT = 0","PTSH2","0",13.9826995525536,"RAMICRUSTA SPP.",4,0.25,0.0625,0.25,100
"SEFCRI",2022,"PTSH2 / PROT = 0","PTSH2","0",13.9826995525536,"SOFT CORALS",4,2.75,2.39583333333333,1.54784796841723,56.2853806697173
"SEFCRI",2022,"PTSH2 / PROT = 0","PTSH2","0",13.9826995525536,"SPONGES",4,4.5,4.25,2.06155281280883,45.8122847290851
"SEFCRI",2022,"PTSH2 / PROT = 0","PTSH2","0",13.9826995525536,"TURF ALGAE",4,31.25,94.5625,9.72432516938836,31.1178405420428
