REGION,YEAR,ANALYSIS_STRATUM,STRAT,RUG_CD,PROT,n,avmort,Var,SE,CV_perc,MORT_TYPE
Tortugas,1999,CONT_HR / PROT = 1,CONT_HR,NA,1,2,3.833447802197802,1.460346090636698,1.208447802197802,31.523783929051323,Recent
Tortugas,1999,CONT_HR / PROT = 2,CONT_HR,NA,2,2,4.038350844417021,0.7111176899291071,0.843277943461767,20.881740491358993,Recent
Tortugas,1999,CONT_LR / PROT = 0,CONT_LR,NA,0,3,2.6447977582846,1.2103921970352223,1.1001782569362213,41.597821742324456,Recent
Tortugas,1999,CONT_LR / PROT = 1,CONT_LR,NA,1,2,6.022438050455291,4.260528283245119,2.064104717121958,34.27357325769277,Recent
Tortugas,1999,CONT_LR / PROT = 2,CONT_LR,NA,2,6,7.251348509311391,1.6405675488523628,1.2808464189169453,17.663561712310777,Recent
FLK,1999,FMLR / PROT = 0,FMLR,NA,0,38,2.404831517572941,0.2643213772285526,0.5141219478183678,21.378709654356232,Recent
FLK,1999,FMLR / PROT = 1,FMLR,NA,1,15,2.5854217598120037,0.26971010232712417,0.5193362131867219,20.08709840921602,Recent
FLK,1999,FSLR / PROT = 0,FSLR,NA,0,6,1.7187773188215754,0.5520788093998278,0.7430200598905979,43.22957091381831,Recent
FLK,1999,FSLR / PROT = 1,FSLR,NA,1,6,1.765640902737677,0.6709266573107914,0.8191011276459039,46.3911504528392,Recent
FLK,1999,HRRF / PROT = 0,HRRF,NA,0,42,1.894609266079748,0.10379870038625037,0.32217805695958,17.004986871315072,Recent
FLK,1999,HRRF / PROT = 1,HRRF,NA,1,44,1.9017612645844533,0.08668889138789772,0.29442977327012587,15.481952375050643,Recent
Tortugas,1999,ISOL_LR / PROT = 0,ISOL_LR,NA,0,1,8.363095238095237,NA,NA,NA,Recent
Tortugas,1999,ISOL_LR / PROT = 1,ISOL_LR,NA,1,2,4.041514041514041,0.97211413603355,0.985958485958486,24.395770392749245,Recent
Tortugas,1999,ISOL_MR / PROT = 2,ISOL_MR,NA,2,1,4.648199023199023,NA,NA,NA,Recent
FLK,1999,OFPR / PROT = 0,OFPR,NA,0,5,5.433792517006802,2.6504236802374,1.628012186759485,29.960882416177963,Recent
FLK,1999,OFPR / PROT = 1,OFPR,NA,1,4,4.479412226936979,1.5468363359314763,1.243718752745763,27.765222081295637,Recent
Tortugas,1999,SPGR_HR / PROT = 2,SPGR_HR,NA,2,1,5.592200074967478,NA,NA,NA,Recent
Tortugas,2000,CONT_HR / PROT = 0,CONT_HR,NA,0,2,1.858735380116959,1.1192186070607197,1.0579312865497077,56.91672401927048,Recent
Tortugas,2000,CONT_HR / PROT = 1,CONT_HR,NA,1,3,1.1008403361344536,0.3065428785893442,0.5536631454136569,50.29459107192762,Recent
Tortugas,2000,CONT_HR / PROT = 2,CONT_HR,NA,2,1,0.2778745644599303,NA,NA,NA,Recent
Tortugas,2000,CONT_LR / PROT = 0,CONT_LR,NA,0,4,2.1378205128205128,1.0352872287968442,1.0174906529284897,47.59476517446608,Recent
Tortugas,2000,CONT_LR / PROT = 1,CONT_LR,NA,1,3,0.35282673675530823,0.02203863040557703,0.14845413569711363,42.07564796884123,Recent
Tortugas,2000,CONT_LR / PROT = 2,CONT_LR,NA,2,5,1.4145284345284348,0.3660162249927745,0.6049927478844473,42.76992481145389,Recent
Tortugas,2000,CONT_MR / PROT = 2,CONT_MR,NA,2,3,1.60325311942959,1.277294450878715,1.1301745223100346,70.49258215147782,Recent
FLK,2000,FMLR / PROT = 0,FMLR,NA,0,14,1.07501961159007,0.07466984993751817,0.27325784515273877,25.418870707722334,Recent
FLK,2000,FMLR / PROT = 1,FMLR,NA,1,6,1.4880497809069237,0.10249234028998673,0.32014424919087137,21.514350749458973,Recent
FLK,2000,FSLR / PROT = 0,FSLR,NA,0,4,0.7904324765401878,0.1068588433667072,0.3268927092590277,41.35618398296007,Recent
FLK,2000,HRRF / PROT = 0,HRRF,NA,0,12,1.3352956883583573,0.03947026066163621,0.19867123763050407,14.87844522846883,Recent
FLK,2000,HRRF / PROT = 1,HRRF,NA,1,11,1.6853716681001076,0.25911332150126276,0.509031749011064,30.202937348821536,Recent
FLK,2000,INPR / PROT = 0,INPR,NA,0,2,1.0375,0.04515625000000001,0.21250000000000002,20.481927710843372,Recent
FLK,2000,INPR / PROT = 1,INPR,NA,1,2,1.8744543650793652,0.29024087311429203,0.5387400793650794,28.74116806478075,Recent
Tortugas,2000,ISOL_HR / PROT = 1,ISOL_HR,NA,1,1,0.4347826086956521,NA,NA,NA,Recent
Tortugas,2000,ISOL_HR / PROT = 2,ISOL_HR,NA,2,1,1.2443548387096774,NA,NA,NA,Recent
Tortugas,2000,ISOL_LR / PROT = 1,ISOL_LR,NA,1,1,0.08333333333333334,NA,NA,NA,Recent
Tortugas,2000,ISOL_LR / PROT = 2,ISOL_LR,NA,2,3,1.6650793650793652,0.43296548248929206,0.6580011265106558,39.517703498733376,Recent
Tortugas,2000,ISOL_MR / PROT = 2,ISOL_MR,NA,2,1,0.05555555555555554,NA,NA,NA,Recent
FLK,2000,MCPR / PROT = 0,MCPR,NA,0,4,1.079519306335668,0.02695570943527108,0.16418194003991754,15.208800720500172,Recent
FLK,2000,MCPR / PROT = 1,MCPR,NA,1,2,0.854797897348831,0.05776514366743439,0.2403438030560272,28.117032552543385,Recent
FLK,2000,OFPR / PROT = 0,OFPR,NA,0,5,1.5459461306829727,0.07855772258193879,0.28028150595774026,18.13009524684516,Recent
FLK,2000,OFPR / PROT = 1,OFPR,NA,1,6,2.264082036282446,0.619324087269928,0.7869714653466974,34.75896423960329,Recent
Tortugas,2000,SPGR_LR / PROT = 2,SPGR_LR,NA,2,2,1.1958485561283219,1.323202260260705,1.150305290025524,96.19155236092362,Recent
FLK,2001,FMLR / PROT = 0,FMLR,NA,0,6,0.401996151996152,0.016448079248704547,0.12825006529707714,31.903306700882244,Recent
FLK,2001,FMLR / PROT = 1,FMLR,NA,1,3,2.571851851851852,1.0324960219478736,1.0161181141717106,39.50920086785165,Recent
FLK,2001,FSLR / PROT = 0,FSLR,NA,0,32,0.5969997629004982,0.013714157715738211,0.1171074622547095,19.615998117946955,Recent
FLK,2001,FSLR / PROT = 1,FSLR,NA,1,10,0.6847442154963043,0.021134402589437388,0.1453767608300494,21.23081254869455,Recent
FLK,2001,HRRF / PROT = 0,HRRF,NA,0,29,1.0176391051089486,0.14207938180482443,0.3769341876307115,37.04006516046343,Recent
FLK,2001,HRRF / PROT = 1,HRRF,NA,1,24,0.6297614796378562,0.007331996260808649,0.0856270766802689,13.596747252548482,Recent
FLK,2001,INPR / PROT = 0,INPR,NA,0,1,0.34008097165991913,NA,NA,NA,Recent
FLK,2001,MCPR / PROT = 0,MCPR,NA,0,5,1.2810383969390564,0.17953285147044135,0.42371317122605634,33.07575887174706,Recent
FLK,2001,OFPR / PROT = 0,OFPR,NA,0,9,1.448240782122361,0.06492381456708807,0.2548015199465813,17.593864438286012,Recent
FLK,2001,OFPR / PROT = 1,OFPR,NA,1,1,0.1306818181818182,NA,NA,NA,Recent
Tortugas,2002,CONT_HR / PROT = 0,CONT_HR,NA,0,1,6.781862745098039,NA,NA,NA,Recent
Tortugas,2002,CONT_HR / PROT = 1,CONT_HR,NA,1,3,1.1996816980987683,0.143896577872088,0.37933702412510173,31.619805880698813,Recent
Tortugas,2002,CONT_HR / PROT = 2,CONT_HR,NA,2,1,1.189570980118591,NA,NA,NA,Recent
Tortugas,2002,CONT_LR / PROT = 1,CONT_LR,NA,1,1,1.173717521652232,NA,NA,NA,Recent
Tortugas,2002,CONT_LR / PROT = 2,CONT_LR,NA,2,5,0.875349917581891,0.17175076154204008,0.414428234489447,47.34429354083721,Recent
Tortugas,2002,CONT_MR / PROT = 2,CONT_MR,NA,2,3,1.7520294022598228,0.1429766464361679,0.3781225283372678,21.581973901211555,Recent
FLK,2002,FMLR / PROT = 0,FMLR,NA,0,6,3.7539160232451665,2.078857832413165,1.4418244804459261,38.40854381179004,Recent
FLK,2002,FMLR / PROT = 1,FMLR,NA,1,2,5.7941224947257375,9.556099657475947,3.0912941719409277,53.35224056368958,Recent
FLK,2002,HRRF / PROT = 0,HRRF,NA,0,17,2.3904075148855792,0.4617207953713484,0.6795004013033019,28.426132241967426,Recent
FLK,2002,HRRF / PROT = 1,HRRF,NA,1,7,2.6994690425141554,1.333893225384481,1.1549429533030975,42.78407846557259,Recent
Tortugas,2002,ISOL_HR / PROT = 2,ISOL_HR,NA,2,2,0.1820747520976354,0.03315121535141539,0.1820747520976354,100,Recent
Tortugas,2002,ISOL_LR / PROT = 2,ISOL_LR,NA,2,1,1.7669519420671498,NA,NA,NA,Recent
Tortugas,2002,ISOL_MR / PROT = 2,ISOL_MR,NA,2,3,1.3213842067041242,0.08275676069358184,0.2876747480985807,21.77071185193868,Recent
FLK,2002,MCPR / PROT = 0,MCPR,NA,0,2,1.2778831834230813,0.03909735524423463,0.19773051166735656,15.473285370083156,Recent
FLK,2002,MCPR / PROT = 1,MCPR,NA,1,1,2.6779279279279287,NA,NA,NA,Recent
FLK,2002,OFPR / PROT = 0,OFPR,NA,0,3,4.971338612695886,3.6507567907546417,1.9106953683815329,38.43422299784544,Recent
Tortugas,2002,SPGR_HR / PROT = 2,SPGR_HR,NA,2,2,2.749821039526922,1.935869935543814,1.3913554310613137,50.59803569255844,Recent
FLK,2005,FDLR / PROT = 0,FDLR,NA,0,3,0.4700015377911902,0.09584200705343644,0.30958360268825036,65.86863612046106,Recent
FLK,2005,FMLR / PROT = 0,FMLR,NA,0,62,0.9711751098465926,0.06878083867639379,0.26226101249784306,27.004503084852534,Recent
FLK,2005,FMLR / PROT = 1,FMLR,NA,1,8,1.2388453038432439,0.6193671106153344,0.7869987996276325,63.5268017068913,Recent
FLK,2005,FSLR / PROT = 0,FSLR,NA,0,15,0.5436524068425975,0.022524439209501524,0.15008144192238268,27.60613951734705,Recent
FLK,2005,FSLR / PROT = 1,FSLR,NA,1,8,1.1520950844685849,0.2799781061235026,0.5291295740397645,45.927595835879345,Recent
FLK,2005,HRRF / PROT = 0,HRRF,NA,0,44,0.7988110962136159,0.015047520234213952,0.12266833427667448,15.356363332723516,Recent
FLK,2005,HRRF / PROT = 1,HRRF,NA,1,25,0.7536205859181225,0.01648236455523781,0.12838366155877395,17.035583151217455,Recent
SEFCRI,2005,INNR0 / PROT = 0,INNR0,0,0,3,0.3915343915343915,0.06864309509812154,0.2619982730823269,66.91577515210783,Recent
SEFCRI,2005,INNR1 / PROT = 0,INNR1,1,0,3,0.6950462962962963,0.03700717806927298,0.19237249821446145,27.67765244409756,Recent
FLK,2005,INPR / PROT = 0,INPR,NA,0,4,0.6018723335704418,0.05188656876827303,0.22778623480858765,37.8462710617231,Recent
FLK,2005,MCPR / PROT = 0,MCPR,NA,0,41,0.6991899923669395,0.023472221048807092,0.1532064654275631,21.911993463882325,Recent
FLK,2005,MCPR / PROT = 1,MCPR,NA,1,15,0.7879718668855149,0.04829369345389235,0.21975826140077728,27.88909993314598,Recent
SEFCRI,2005,MIDR0 / PROT = 0,MIDR0,0,0,3,2.5488581466842333,4.23950467083236,2.059005748129995,80.78149624797759,Recent
SEFCRI,2005,MIDR1 / PROT = 0,MIDR1,1,0,2,1.6838768115942029,0.0954048847406007,0.3088768115942029,18.34319526627219,Recent
SEFCRI,2005,NEAR0 / PROT = 0,NEAR0,0,0,8,0.5528143274853801,0.13525593631221083,0.36777158170828106,66.52714363992443,Recent
SEFCRI,2005,NEAR1 / PROT = 0,NEAR1,1,0,3,0.034722222222222224,0.0012056327160493826,0.034722222222222224,100,Recent
SEFCRI,2005,OFFR1 / PROT = 0,OFFR1,1,0,8,0.484375,0.187744140625,0.433294519495689,89.45435241201321,Recent
FLK,2005,OFPR / PROT = 0,OFPR,NA,0,28,0.6165146459845218,0.013157462547955518,0.11470598305212992,18.605556867015572,Recent
FLK,2005,OFPR / PROT = 1,OFPR,NA,1,5,0.51803893366439,0.010106037741798636,0.10052879061143945,19.405643877061703,Recent
Tortugas,2006,CONT_HR / PROT = 0,CONT_HR,NA,0,5,0.8842757936507937,0.06562580555949231,0.2561753414352996,28.970072829615972,Recent
Tortugas,2006,CONT_HR / PROT = 1,CONT_HR,NA,1,12,1.0122516891635753,0.04204748807410849,0.20505484162562096,20.257298043637544,Recent
Tortugas,2006,CONT_HR / PROT = 2,CONT_HR,NA,2,8,1.2560536390234374,0.08662086485162863,0.2943142280822126,23.431660793645516,Recent
Tortugas,2006,CONT_LR / PROT = 0,CONT_LR,NA,0,4,0.4916666666666667,0.1917361111111111,0.4378768218473217,89.05969257911627,Recent
Tortugas,2006,CONT_LR / PROT = 1,CONT_LR,NA,1,1,1.2142857142857142,NA,NA,NA,Recent
Tortugas,2006,CONT_LR / PROT = 2,CONT_LR,NA,2,22,1.5768684359733791,0.5207587966912998,0.7216361941389163,45.76388097295259,Recent
Tortugas,2006,CONT_MR / PROT = 2,CONT_MR,NA,2,14,2.822015866341987,1.037856921971713,1.0187526304121688,36.10017372909805,Recent
FLK,2006,FMLR / PROT = 0,FMLR,NA,0,34,0.5036406884621171,0.016079352509045547,0.1268043867894386,25.17755012539591,Recent
FLK,2006,FMLR / PROT = 1,FMLR,NA,1,5,1.7407738095238094,1.1705464321145125,1.0819179414884073,62.151552118328745,Recent
FLK,2006,FSLR / PROT = 0,FSLR,NA,0,13,0.34654832347140035,0.10186760111885282,0.3191670426576855,92.09885636166565,Recent
FLK,2006,FSLR / PROT = 1,FSLR,NA,1,2,0,5e-9,7.071067811865475e-5,Inf,Recent
FLK,2006,HRRF / PROT = 0,HRRF,NA,0,2,3.3697478991596643,6.187133677000213,2.4873949579831938,73.81546134663341,Recent
FLK,2006,HRRF / PROT = 1,HRRF,NA,1,8,0.004166666666666668,1.7361111111111118e-5,0.0041666666666666675,99.99999999999997,Recent
SEFCRI,2006,INNR0 / PROT = 0,INNR0,0,0,4,0.35416666666666663,0.09071180555555557,0.30118400614168667,85.04018996941743,Recent
SEFCRI,2006,INNR1 / PROT = 0,INNR1,1,0,1,1.9708994708994712,NA,NA,NA,Recent
FLK,2006,INPR / PROT = 0,INPR,NA,0,10,0.36212414056531705,0.05977994614681067,0.24449937862254512,67.51811084476547,Recent
FLK,2006,INPR / PROT = 1,INPR,NA,1,1,0,NA,NA,NA,Recent
Tortugas,2006,ISOL_HR / PROT = 1,ISOL_HR,NA,1,4,1.0633631919503566,0.39100169817461444,0.6253012859211265,58.80411233477404,Recent
Tortugas,2006,ISOL_HR / PROT = 2,ISOL_HR,NA,2,8,0.5217664097665685,0.04988692314023822,0.22335380708695837,42.807241498524974,Recent
Tortugas,2006,ISOL_MR / PROT = 2,ISOL_MR,NA,2,2,0.7720588235294118,0.22842776816608992,0.4779411764705882,61.9047619047619,Recent
FLK,2006,MCPR / PROT = 0,MCPR,NA,0,24,0.4841711233368002,0.04068888382824753,0.20171485772805017,41.66189349291962,Recent
FLK,2006,MCPR / PROT = 1,MCPR,NA,1,9,1.1799529164224505,0.5645348639244159,0.7513553512981829,63.67672309978683,Recent
SEFCRI,2006,MIDR0 / PROT = 0,MIDR0,0,0,8,0.9084171037296037,0.16120836396501897,0.4015076138319409,44.19859689822091,Recent
SEFCRI,2006,MIDR1 / PROT = 0,MIDR1,1,0,2,0.9575716403162055,0.6421163712390542,0.8013216403162055,83.6826830054821,Recent
SEFCRI,2006,NEAR0 / PROT = 0,NEAR0,0,0,14,1.3646561771561774,0.4097501114803011,0.6401172638511643,46.90685277115823,Recent
SEFCRI,2006,NEAR1 / PROT = 0,NEAR1,1,0,7,2.677437641723356,0.569281510790257,0.7545074623820874,28.180206725428796,Recent
SEFCRI,2006,OFFR0 / PROT = 0,OFFR0,0,0,3,1.5,2.25,1.5,100,Recent
SEFCRI,2006,OFFR1 / PROT = 0,OFFR1,1,0,6,1.1589105339105337,1.0499639574991304,1.02467748950542,88.4173074212926,Recent
FLK,2006,OFPR / PROT = 0,OFPR,NA,0,10,0.6958786790694685,0.11500370978906835,0.3391219688977232,48.73291553510424,Recent
Tortugas,2006,SPGR_HR / PROT = 2,SPGR_HR,NA,2,2,0.36161524500907427,0.007353607201557303,0.08575317604355714,23.71392722710163,Recent
Tortugas,2007,CONT_LR / PROT = 1,CONT_LR,NA,1,1,0.2727272727272728,NA,NA,NA,Recent
Tortugas,2007,CONT_LR / PROT = 2,CONT_LR,NA,2,8,0.5401484204793028,0.06833327966357354,0.2614063497001814,48.39528170205912,Recent
Tortugas,2007,CONT_MR / PROT = 2,CONT_MR,NA,2,1,0.8225108225108225,NA,NA,NA,Recent
FLK,2007,FMLR / PROT = 0,FMLR,NA,0,14,0.7822413420496404,0.17488468416332062,0.41819216176695684,53.46075939571329,Recent
FLK,2007,FMLR / PROT = 1,FMLR,NA,1,4,0.09851421188630491,0.004321759676568584,0.06574009185092902,66.73158176081189,Recent
FLK,2007,FSLR / PROT = 0,FSLR,NA,0,9,0.5211873079421616,0.06826171123903697,0.2612694227020012,50.1296594757053,Recent
FLK,2007,FSLR / PROT = 1,FSLR,NA,1,1,0.7692307692307693,NA,NA,NA,Recent
FLK,2007,HRRF / PROT = 0,HRRF,NA,0,2,0,5e-9,7.071067811865475e-5,Inf,Recent
FLK,2007,HRRF / PROT = 1,HRRF,NA,1,19,1.3305046338989714,0.2378872917101742,0.4877369082919338,36.65803905264481,Recent
SEFCRI,2007,INNR0 / PROT = 0,INNR0,0,0,3,2.668876262626263,0.8189758419102642,0.9049728404268629,33.908385079506814,Recent
SEFCRI,2007,INNR1 / PROT = 0,INNR1,1,0,2,2.831730769230769,3.3552376109467454,1.8317307692307692,64.68590831918506,Recent
FLK,2007,INPR / PROT = 0,INPR,NA,0,5,0.14369484316852738,0.007869101095173452,0.08870795395664051,61.73356816472707,Recent
FLK,2007,INPR / PROT = 1,INPR,NA,1,1,0.22727272727272732,NA,NA,NA,Recent
Tortugas,2007,ISOL_HR / PROT = 1,ISOL_HR,NA,1,1,1.3257575757575757,NA,NA,NA,Recent
Tortugas,2007,ISOL_MR / PROT = 2,ISOL_MR,NA,2,1,0,NA,NA,NA,Recent
FLK,2007,MCPR / PROT = 0,MCPR,NA,0,18,0.316801615979466,0.057462307492725184,0.23971296897065286,75.66658655749731,Recent
FLK,2007,MCPR / PROT = 1,MCPR,NA,1,5,0.8553658076229896,0.07990681955925152,0.2826779431778354,33.04760848032732,Recent
SEFCRI,2007,MIDR0 / PROT = 0,MIDR0,0,0,3,4.203703703703704,8.967421124828531,2.9945652647468766,71.23635431556445,Recent
SEFCRI,2007,MIDR1 / PROT = 0,MIDR1,1,0,2,0.5494505494505495,0.02717063156623597,0.16483516483516486,30.000000000000004,Recent
SEFCRI,2007,NEAR0 / PROT = 0,NEAR0,0,0,13,1.817806659152813,1.6559244811911464,1.286827292681946,70.79010774895448,Recent
SEFCRI,2007,NEAR1 / PROT = 0,NEAR1,1,0,1,0,NA,NA,NA,Recent
SEFCRI,2007,OFFR0 / PROT = 0,OFFR0,0,0,3,1.8849206349206349,1.3373173343411435,1.1564243746744287,61.351356298517054,Recent
SEFCRI,2007,OFFR1 / PROT = 0,OFFR1,1,0,7,1.360479797979798,0.46953202433789565,0.685224068708839,50.36635382064042,Recent
FLK,2007,OFPR / PROT = 0,OFPR,NA,0,8,0.9394857804232805,0.2293967932493534,0.47895385294342646,50.98042598661113,Recent
FLK,2007,OFPR / PROT = 1,OFPR,NA,1,2,1.4166666666666665,2.006944444444444,1.4166666666666665,100,Recent
Tortugas,2007,SPGR_LR / PROT = 2,SPGR_LR,NA,2,1,0,NA,NA,NA,Recent
FLK,2008,FMLR / PROT = 0,FMLR,NA,0,52,0.4048124359631558,0.018403845753605683,0.135660774557739,33.512007662256266,Recent
FLK,2008,FMLR / PROT = 1,FMLR,NA,1,4,0.3566477820636451,0.04247986954313279,0.20610645196871638,57.78991552285496,Recent
FLK,2008,FSLR / PROT = 0,FSLR,NA,0,13,1.4930726324957093,0.29479142829619087,0.5429469847933506,36.36440538634753,Recent
FLK,2008,FSLR / PROT = 1,FSLR,NA,1,1,2.5,NA,NA,NA,Recent
FLK,2008,HRRF / PROT = 0,HRRF,NA,0,4,0.05448717948717947,0.0029688527284681115,0.054487179487179474,100.00000000000003,Recent
FLK,2008,HRRF / PROT = 1,HRRF,NA,1,4,0.297847399829497,0.018664764406448292,0.13661904847585601,45.86880682996182,Recent
SEFCRI,2008,INNR0 / PROT = 0,INNR0,0,0,7,0.30612244897959184,0.024030303731469912,0.15501710786706707,50.63892190324191,Recent
SEFCRI,2008,INNR1 / PROT = 0,INNR1,1,0,4,0.563012206694272,0.10435905645539612,0.3230465236701923,57.378245059189936,Recent
FLK,2008,INPR / PROT = 0,INPR,NA,0,6,0.39250804765149583,0.11525448144159857,0.3394915042259505,86.49287734537911,Recent
FLK,2008,MCPR / PROT = 0,MCPR,NA,0,26,0.25699377746163454,0.014365427496131641,0.11985586133406927,46.63765112054591,Recent
FLK,2008,MCPR / PROT = 1,MCPR,NA,1,7,0.6114469317966287,0.11746067094345931,0.34272535789383796,56.05152958847959,Recent
SEFCRI,2008,MIDR0 / PROT = 0,MIDR0,0,0,3,1.8856209150326797,3.1218788713742587,1.7668839439460247,93.70303064947721,Recent
SEFCRI,2008,MIDR1 / PROT = 0,MIDR1,1,0,4,0.09615384615384617,0.009245562130177515,0.09615384615384616,99.99999999999999,Recent
SEFCRI,2008,NEAR0 / PROT = 0,NEAR0,0,0,22,3.4280218608371102,5.4167989578832545,2.327401761167,67.89343404591524,Recent
SEFCRI,2008,NEAR1 / PROT = 0,NEAR1,1,0,6,0.9881784434203789,0.13179425508834203,0.36303478495640334,36.737776195545436,Recent
SEFCRI,2008,OFFR0 / PROT = 0,OFFR0,0,0,3,3.666666666666667,13.444444444444443,3.6666666666666665,99.99999999999999,Recent
SEFCRI,2008,OFFR1 / PROT = 0,OFFR1,1,0,14,2.738192361080103,3.43108033039849,1.852317556575678,67.64745906474649,Recent
FLK,2008,OFPR / PROT = 0,OFPR,NA,0,17,0.24412716385886868,0.005275278368681148,0.07263111157542027,29.751343696192993,Recent
FLK,2008,OFPR / PROT = 1,OFPR,NA,1,1,0.0625,NA,NA,NA,Recent
Tortugas,2009,CONT_HR / PROT = 2,CONT_HR,NA,2,3,0.323018018018018,0.03694199131563997,0.19220299507458247,59.50225199631476,Recent
Tortugas,2009,CONT_LR / PROT = 2,CONT_LR,NA,2,8,0.5584273182957393,0.04467123195901499,0.21135570008640645,37.8483811879837,Recent
Tortugas,2009,CONT_MR / PROT = 2,CONT_MR,NA,2,4,1.2703457212452713,0.5190808709473341,0.7204726718948707,56.714692689216825,Recent
FLK,2009,FMLR / PROT = 0,FMLR,NA,0,75,0.29472396685179675,0.0030402184669242904,0.055138176129831226,18.70841272897148,Recent
FLK,2009,FMLR / PROT = 1,FMLR,NA,1,9,0.13453388212071488,0.006540213060207977,0.08087158376220895,60.1124285476608,Recent
FLK,2009,FSLR / PROT = 0,FSLR,NA,0,22,0.4954232013405551,0.03684695473340843,0.19195560615259047,38.74578454000173,Recent
FLK,2009,FSLR / PROT = 1,FSLR,NA,1,11,0.2072571872571873,0.013591608950058844,0.11658305601612459,56.25042854193308,Recent
FLK,2009,HRRF / PROT = 0,HRRF,NA,0,24,0.39273527051941987,0.014541212648933183,0.12058695057481628,30.70438527594723,Recent
FLK,2009,HRRF / PROT = 1,HRRF,NA,1,54,0.1611443176743646,0.001319032197393496,0.03631848286194642,22.537861332062405,Recent
SEFCRI,2009,INNR0 / PROT = 0,INNR0,0,0,4,0.9915404040404041,0.4076894098816448,0.6385056067738519,64.39531905830775,Recent
SEFCRI,2009,INNR1 / PROT = 0,INNR1,1,0,1,1,NA,NA,NA,Recent
FLK,2009,INPR / PROT = 0,INPR,NA,0,9,0.19645348021013184,0.0074537563885678565,0.0863351399406282,43.94686205013108,Recent
FLK,2009,INPR / PROT = 1,INPR,NA,1,3,0.13323298668126254,0.007814103778453976,0.08839741952372804,66.34799813893233,Recent
Tortugas,2009,ISOL_HR / PROT = 2,ISOL_HR,NA,2,3,0.7961245665494032,0.17940783097891233,0.4235656159072787,53.2034349527882,Recent
Tortugas,2009,ISOL_LR / PROT = 2,ISOL_LR,NA,2,4,0.0707070707070707,0.002895112743597592,0.05380625190066292,76.09741340236613,Recent
Tortugas,2009,ISOL_MR / PROT = 2,ISOL_MR,NA,2,3,0.3723054144138276,0.005208881168314109,0.07217257906098484,19.385315460592,Recent
FLK,2009,MCPR / PROT = 0,MCPR,NA,0,46,0.3587287248171377,0.0072904041160172794,0.08538386332333106,23.801791553451864,Recent
FLK,2009,MCPR / PROT = 1,MCPR,NA,1,15,0.5443294689302937,0.09606963894683415,0.309951026691047,56.94180535552431,Recent
SEFCRI,2009,MIDR0 / PROT = 0,MIDR0,0,0,4,0.8381831983805668,0.21123865839295566,0.459607069563726,54.833724948402875,Recent
SEFCRI,2009,MIDR1 / PROT = 0,MIDR1,1,0,5,0.7954545454545455,0.418101469237833,0.6466076625263831,81.28782043188816,Recent
SEFCRI,2009,NEAR0 / PROT = 0,NEAR0,0,0,29,0.6099770890592392,0.03563650015412052,0.18877632307606937,30.94810058640349,Recent
SEFCRI,2009,NEAR1 / PROT = 0,NEAR1,1,0,6,0,1.6666666666666667e-9,4.0824829046386304e-5,Inf,Recent
SEFCRI,2009,OFFR0 / PROT = 0,OFFR0,0,0,5,0.5713654401154401,0.11759528073262518,0.3429216830890476,60.01792530884662,Recent
SEFCRI,2009,OFFR1 / PROT = 0,OFFR1,1,0,11,2.150714576101573,2.124440707218645,1.4575461252456627,67.77031882527338,Recent
FLK,2009,OFPR / PROT = 0,OFPR,NA,0,37,0.14976928358677563,0.00220193695081468,0.04692480102051238,31.33139178924119,Recent
FLK,2009,OFPR / PROT = 1,OFPR,NA,1,9,0.4850835418060751,0.024829386496694108,0.15757343207753682,32.48377207168388,Recent
Tortugas,2009,SPGR_HR / PROT = 2,SPGR_HR,NA,2,5,0.8230972008145921,0.14559604629089581,0.381570499764979,46.35789058538302,Recent
Tortugas,2009,SPGR_LR / PROT = 2,SPGR_LR,NA,2,5,0.2916666666666667,0.08506944444444445,0.2916666666666667,100,Recent
FLK,2010,FDLR / PROT = 0,FDLR,NA,0,2,0,5e-9,7.071067811865475e-5,Inf,Recent
FLK,2010,FMLR / PROT = 0,FMLR,NA,0,49,0.33169697145078403,0.009601938695565245,0.09798948257627063,29.541868334727905,Recent
FLK,2010,FMLR / PROT = 1,FMLR,NA,1,2,0.028409090909090915,8.070764462809921e-4,0.028409090909090915,100,Recent
FLK,2010,FSLR / PROT = 0,FSLR,NA,0,14,0.44222592883307166,0.029741680228450324,0.17245776360735496,38.9976598754464,Recent
FLK,2010,FSLR / PROT = 1,FSLR,NA,1,2,0.8333333333333333,0.6944444444444443,0.8333333333333333,100,Recent
FLK,2010,HRRF / PROT = 0,HRRF,NA,0,3,0.8333333333333333,0.6944444444444445,0.8333333333333334,100.00000000000003,Recent
FLK,2010,HRRF / PROT = 1,HRRF,NA,1,11,0.5130252929488922,0.05253697640864863,0.22920945968403797,44.67800376206245,Recent
SEFCRI,2010,INNR0 / PROT = 0,INNR0,0,0,7,1.1806972789115646,0.3038847022652598,0.551257382957598,46.6891380884505,Recent
SEFCRI,2010,INNR1 / PROT = 0,INNR1,1,0,2,0.11363636363636365,0.01291322314049587,0.11363636363636365,100,Recent
FLK,2010,INPR / PROT = 0,INPR,NA,0,15,10.623775677835054,18.14918493386543,4.260186021040094,40.10048922558056,Recent
FLK,2010,INPR / PROT = 1,INPR,NA,1,2,0,5e-9,7.071067811865475e-5,Inf,Recent
FLK,2010,MCPR / PROT = 0,MCPR,NA,0,42,6.63268444724224,5.478299377588498,2.3405767190136064,35.28852816127532,Recent
FLK,2010,MCPR / PROT = 1,MCPR,NA,1,9,2.324566292012003,2.480647369515179,1.5750071014173805,67.75487998899573,Recent
SEFCRI,2010,MIDR0 / PROT = 0,MIDR0,0,0,10,0.9178571428571428,0.24149171705719324,0.49141806749161476,53.53971163332768,Recent
SEFCRI,2010,MIDR1 / PROT = 0,MIDR1,1,0,6,0.0925925925925926,0.008573388203017835,0.0925925925925926,100,Recent
SEFCRI,2010,NEAR0 / PROT = 0,NEAR0,0,0,27,0.5221758693980917,0.04304002079500745,0.20746088979614313,39.73007983599123,Recent
SEFCRI,2010,NEAR1 / PROT = 0,NEAR1,1,0,10,0.7095238095238093,0.2189065255731922,0.4678744763002062,65.9420402839217,Recent
SEFCRI,2010,OFFR0 / PROT = 0,OFFR0,0,0,6,0.8156565656565656,0.0852030405060708,0.29189559864114223,35.786581133712794,Recent
SEFCRI,2010,OFFR1 / PROT = 0,OFFR1,1,0,14,0.8839581287060277,0.20356255882638413,0.4511790762284795,51.04077462231531,Recent
FLK,2010,OFPR / PROT = 0,OFPR,NA,0,33,2.2700689593849055,0.8434783406243588,0.9184107690050018,40.457395146879286,Recent
FLK,2010,OFPR / PROT = 1,OFPR,NA,1,1,0,NA,NA,NA,Recent
Tortugas,2011,CONT_LR / PROT = 2,CONT_LR,NA,2,2,0,5e-9,7.071067811865475e-5,Inf,Recent
SEFCRI,2011,DPRC0 / PROT = 0,DPRC0,0,0,2,0,5e-9,7.071067811865475e-5,Inf,Recent
FLK,2011,FMLR / PROT = 0,FMLR,NA,0,48,1.457872485055422,0.3451184971067928,0.5874678689994822,40.29624504348535,Recent
FLK,2011,FMLR / PROT = 1,FMLR,NA,1,4,0,2.5e-9,5e-5,Inf,Recent
FLK,2011,FSLR / PROT = 0,FSLR,NA,0,21,0.12880160665484097,0.0014777700910589425,0.03844177533698128,29.845726567679005,Recent
FLK,2011,HRRF / PROT = 0,HRRF,NA,0,11,0.17874538327819753,0.0047089505095755345,0.06862179325531748,38.39080595917557,Recent
FLK,2011,HRRF / PROT = 1,HRRF,NA,1,15,0.29347529266858324,0.021422137763868532,0.1463630341441053,49.87235307382098,Recent
SEFCRI,2011,INNR0 / PROT = 0,INNR0,0,0,5,1.6666666666666665,1.1465277777777778,1.0707603736493885,64.24562241896331,Recent
SEFCRI,2011,INNR1 / PROT = 0,INNR1,1,0,2,1.0870535714285714,1.181685467155612,1.0870535714285714,100,Recent
FLK,2011,INPR / PROT = 0,INPR,NA,0,9,0.7066894793344068,0.11176170990492312,0.3343078071252945,47.30618141367567,Recent
FLK,2011,INPR / PROT = 1,INPR,NA,1,2,0,5e-9,7.071067811865475e-5,Inf,Recent
Tortugas,2011,ISOL_LR / PROT = 2,ISOL_LR,NA,2,2,0,5e-9,7.071067811865475e-5,Inf,Recent
Tortugas,2011,ISOL_MR / PROT = 2,ISOL_MR,NA,2,1,0,NA,NA,NA,Recent
FLK,2011,MCPR / PROT = 0,MCPR,NA,0,36,0.1918327106922318,0.0018502070488889241,0.0430140331623172,22.42267911822769,Recent
FLK,2011,MCPR / PROT = 1,MCPR,NA,1,10,0.3155946302643153,0.010354411790872759,0.10175663020596132,32.24282685695209,Recent
SEFCRI,2011,MIDR0 / PROT = 0,MIDR0,0,0,3,0.5416666666666666,0.08506944444444446,0.2916666666666667,53.846153846153854,Recent
SEFCRI,2011,MIDR1 / PROT = 0,MIDR1,1,0,1,4.102564102564102,NA,NA,NA,Recent
SEFCRI,2011,NEAR0 / PROT = 0,NEAR0,0,0,18,0.7960046822764483,0.1861672899409869,0.4314710765984053,54.20459027508052,Recent
SEFCRI,2011,NEAR1 / PROT = 0,NEAR1,1,0,4,3.284313725490196,3.5971741637831602,1.8966217766816769,57.74788693180031,Recent
SEFCRI,2011,OFFR0 / PROT = 0,OFFR0,0,0,2,0.3571428571428571,0.12755102040816324,0.3571428571428571,100,Recent
SEFCRI,2011,OFFR1 / PROT = 0,OFFR1,1,0,6,0.4371843434343435,0.15482964509361288,0.3934839832745583,90.00413422482315,Recent
FLK,2011,OFPR / PROT = 0,OFPR,NA,0,20,0.220170366924236,0.004028938718007654,0.0634739215584452,28.829457135931257,Recent
FLK,2011,OFPR / PROT = 1,OFPR,NA,1,1,0.09999999999999998,NA,NA,NA,Recent
Tortugas,2012,CONT_HR / PROT = 2,CONT_HR,NA,2,6,0.3289774681802546,0.009228614402623597,0.09606567754730926,29.201293960555557,Recent
Tortugas,2012,CONT_LR / PROT = 2,CONT_LR,NA,2,4,0.12195121951219509,0.014872099940511597,0.1219512195121951,100.00000000000003,Recent
Tortugas,2012,CONT_MR / PROT = 2,CONT_MR,NA,2,4,0.7394061276414218,0.03855529578049786,0.19635502484147904,26.555774627919,Recent
SEFCRI,2012,DPRC0 / PROT = 0,DPRC0,0,0,1,0,NA,NA,NA,Recent
FLK,2012,FMLR / PROT = 0,FMLR,NA,0,38,0.16854294376924372,0.0020547672080391093,0.04532954012604925,26.894949804668794,Recent
FLK,2012,FMLR / PROT = 1,FMLR,NA,1,1,0,NA,NA,NA,Recent
FLK,2012,FSLR / PROT = 0,FSLR,NA,0,18,1.2983786624509894,0.5569788521013749,0.746310158112145,57.48016196625662,Recent
FLK,2012,FSLR / PROT = 1,FSLR,NA,1,3,0,3.3333333333333334e-9,5.773502691896258e-5,Inf,Recent
FLK,2012,HRRF / PROT = 0,HRRF,NA,0,11,0.25786311389759675,0.04253831758837973,0.2062481941457421,79.98359712186208,Recent
FLK,2012,HRRF / PROT = 1,HRRF,NA,1,14,1.3148320977268344,0.4075612971374412,0.6384052765582701,48.55412928099229,Recent
SEFCRI,2012,INNR0 / PROT = 0,INNR0,0,0,4,0.09868421052631578,0.009738573407202215,0.09868421052631579,100.00000000000003,Recent
SEFCRI,2012,INNR1 / PROT = 0,INNR1,1,0,1,0,NA,NA,NA,Recent
FLK,2012,INPR / PROT = 0,INPR,NA,0,9,0.1824989824989825,0.01365062067665598,0.11683587067615828,64.02001209886728,Recent
FLK,2012,INPR / PROT = 1,INPR,NA,1,1,0,NA,NA,NA,Recent
Tortugas,2012,ISOL_HR / PROT = 2,ISOL_HR,NA,2,5,0.17573461665367904,0.007905858455812204,0.08891489445426004,50.59611825340309,Recent
Tortugas,2012,ISOL_LR / PROT = 2,ISOL_LR,NA,2,7,1.330028602350031,0.7549039640356129,0.8688520956040866,65.32582036723944,Recent
Tortugas,2012,ISOL_MR / PROT = 2,ISOL_MR,NA,2,1,0.33333333333333337,NA,NA,NA,Recent
FLK,2012,MCPR / PROT = 0,MCPR,NA,0,31,0.2681600316623475,0.00362529133104664,0.06021039221801034,22.453156738071986,Recent
FLK,2012,MCPR / PROT = 1,MCPR,NA,1,6,0.019841269841269837,3.9367598891408405e-4,0.01984126984126984,100.00000000000003,Recent
SEFCRI,2012,MIDR0 / PROT = 0,MIDR0,0,0,4,0.2512019230769231,0.03706073949087771,0.19251166066209524,76.63622089514988,Recent
SEFCRI,2012,NEAR0 / PROT = 0,NEAR0,0,0,19,3.76403778585219,2.1264815372757053,1.45824604826336,38.741535851325374,Recent
SEFCRI,2012,NEAR1 / PROT = 0,NEAR1,1,0,4,3.3916083916083912,4.1603501393711175,2.039693638606327,60.1394206846814,Recent
SEFCRI,2012,OFFR0 / PROT = 0,OFFR0,0,0,1,0,NA,NA,NA,Recent
SEFCRI,2012,OFFR1 / PROT = 0,OFFR1,1,0,7,0.3374975024975025,0.037989645777133305,0.1949093270655186,57.7513390834532,Recent
FLK,2012,OFPR / PROT = 0,OFPR,NA,0,17,0.2025612733368125,0.009705392266097897,0.09851594929805985,48.635135272994965,Recent
FLK,2012,OFPR / PROT = 1,OFPR,NA,1,1,0,NA,NA,NA,Recent
Tortugas,2012,SPGR_HR / PROT = 2,SPGR_HR,NA,2,9,0.47603319251869974,0.011054189761650728,0.10513890698333671,22.086465531330905,Recent
Tortugas,2012,SPGR_LR / PROT = 2,SPGR_LR,NA,2,5,1.369047619047619,1.1004818594104306,1.0490385404790572,76.62542382629634,Recent
FLK,2013,FMLR / PROT = 0,FMLR,NA,0,19,0.41117920240656886,0.0458886696778768,0.21421640851689397,52.098065092572334,Recent
FLK,2013,FSLR / PROT = 0,FSLR,NA,0,5,0.25,0.0625,0.25,100,Recent
FLK,2013,FSLR / PROT = 1,FSLR,NA,1,1,0,NA,NA,NA,Recent
FLK,2013,HRRF / PROT = 0,HRRF,NA,0,7,0.2361111111111111,0.02609678130511464,0.16154498229630854,68.41905132549539,Recent
FLK,2013,HRRF / PROT = 1,HRRF,NA,1,9,0.34150943464668954,0.018670957393568513,0.13664171176316736,40.01110888913825,Recent
SEFCRI,2013,INNR1 / PROT = 0,INNR1,1,0,1,0,NA,NA,NA,Recent
FLK,2013,INPR / PROT = 0,INPR,NA,0,8,0.5758928571428571,0.16087593891723348,0.40109342916237545,69.64723111036596,Recent
FLK,2013,INPR / PROT = 1,INPR,NA,1,2,0.0390625,0.00152587890625,0.0390625,100,Recent
FLK,2013,MCPR / PROT = 0,MCPR,NA,0,14,0.19228937439281443,0.00272712319925896,0.05222186514534846,27.157956756709854,Recent
FLK,2013,MCPR / PROT = 1,MCPR,NA,1,2,0,5e-9,7.071067811865475e-5,Inf,Recent
SEFCRI,2013,MIDR0 / PROT = 0,MIDR0,0,0,2,10.75,115.5625,10.75,100,Recent
SEFCRI,2013,NEAR0 / PROT = 0,NEAR0,0,0,3,0.4431818181818182,0.06383436639118457,0.2526546385704893,57.009251780007844,Recent
SEFCRI,2013,NEAR1 / PROT = 0,NEAR1,1,0,1,0,NA,NA,NA,Recent
SEFCRI,2013,OFFR0 / PROT = 0,OFFR0,0,0,3,2.1944444444444446,0.5126028806584363,0.7159629045267892,32.62615767463849,Recent
SEFCRI,2013,OFFR1 / PROT = 0,OFFR1,1,0,2,3.7812187812187803,12.880282804108973,3.5889110889110882,94.91413474240423,Recent
FLK,2013,OFPR / PROT = 0,OFPR,NA,0,8,0.09987574321813453,0.0031535471551524643,0.05615645248012435,56.226317492802366,Recent
FLK,2013,OFPR / PROT = 1,OFPR,NA,1,1,0.2941176470588236,NA,NA,NA,Recent
